ticker,name,exchange,built
A,"Agilent Technologies, Inc. Common Stock",NYSE,2026-09-30
AA,Alcoa Corporation Common Stock,NYSE,2026-09-30
AADX,"Applied Aerospace & Defense, Inc. Common Stock",NYSE,2026-09-30
AAL,"American Airlines Group, Inc. - Common Stock",NASDAQ,2026-09-30
AAMI,Acadian Asset Management Inc. Common Stock,NYSE,2026-09-30
AAOI,"Applied Optoelectronics, Inc. - Common Stock",NASDAQ,2026-09-30
AAON,"AAON, Inc. - Common Stock",NASDAQ,2026-09-30
AAP,Advance Auto Parts Inc.,NYSE,2026-09-30
AAPL,Apple Inc. - Common Stock,NASDAQ,2026-09-30
AAT,"American Assets Trust, Inc. Common Stock",NYSE,2026-09-30
AAUC,Allied Gold Corporation Common Shares,NYSE,2026-09-30
ABAT,American Battery Technology Company - Common Stock,NASDAQ,2026-09-30
ABBV,AbbVie Inc. Common Stock,NYSE,2026-09-30
ABCB,Ameris Bancorp Common Stock,NYSE,2026-09-30
ABCL,AbCellera Biologics Inc. - Common Shares,NASDAQ,2026-09-30
ABEO,Abeona Therapeutics Inc. - Common Stock,NASDAQ,2026-09-30
ABEV,Ambev S.A. American Depositary Shares (Each representing 1 Common Share),NYSE,2026-09-30
ABG,Asbury Automotive Group Inc Common Stock,NYSE,2026-09-30
ABM,ABM Industries Incorporated Common Stock,NYSE,2026-09-30
ABNB,"Airbnb, Inc. - Class A Common Stock",NASDAQ,2026-09-30
ABOS,"Acumen Pharmaceuticals, Inc. - Common Stock",NASDAQ,2026-09-30
ABR,Arbor Realty Trust Common Stock,NYSE,2026-09-30
ABSI,Absci Corporation - Common Stock,NASDAQ,2026-09-30
ABT,Abbott Laboratories Common Stock,NYSE,2026-09-30
ABTC,American Bitcoin Corp. - Class A Common Stock,NASDAQ,2026-09-30
ABUS,Arbutus Biopharma Corporation - Common Stock,NASDAQ,2026-09-30
ABVX,Abivax SA - American Depositary Shares,NASDAQ,2026-09-30
ABX,"Abacus Global Management, Inc. Class A Common Stock",NYSE,2026-09-30
ACA,"Arcosa, Inc. Common Stock",NYSE,2026-09-30
ACAD,ACADIA Pharmaceuticals Inc. - Common Stock,NASDAQ,2026-09-30
ACB,Aurora Cannabis Inc. - Common Shares,NASDAQ,2026-09-30
ACCO,Acco Brands Corporation Common Stock,NYSE,2026-09-30
ACDC,ProFrac Holding Corp. - Class A Common Stock,NASDAQ,2026-09-30
ACEL,"Accel Entertainment, Inc.",NYSE,2026-09-30
ACET,"Adicet Bio, Inc. - Common Stock",NASDAQ,2026-09-30
ACFN,"Acorn Energy, Inc. - Common Stock",NASDAQ,2026-09-30
ACGL,Arch Capital Group Ltd. - Common Stock,NASDAQ,2026-09-30
ACHC,"Acadia Healthcare Company, Inc. - Common Stock",NASDAQ,2026-09-30
ACHR,Archer Aviation Inc. Class A Common Stock,NYSE,2026-09-30
ACHV,"Achieve Life Sciences, Inc.  - Common Shares",NASDAQ,2026-09-30
ACI,"Albertsons Companies, Inc. Class A Common Stock",NYSE,2026-09-30
ACIC,American Coastal Insurance Corporation - Common Stock,NASDAQ,2026-09-30
ACIW,"ACI Worldwide, Inc. - Common Stock",NASDAQ,2026-09-30
ACLS,"Axcelis Technologies, Inc. - Common Stock",NASDAQ,2026-09-30
ACM,AECOM Common Stock,NYSE,2026-09-30
ACMR,"ACM Research, Inc. - Class A Common Stock",NASDAQ,2026-09-30
ACN,Accenture plc Class A Ordinary Shares (Ireland),NYSE,2026-09-30
ACNB,ACNB Corporation - Common Stock,NASDAQ,2026-09-30
ACRE,Ares Commercial Real Estate Corporation Common Stock,NYSE,2026-09-30
ACRS,"Aclaris Therapeutics, Inc. - Common Stock",NASDAQ,2026-09-30
ACT,"Enact Holdings, Inc. - Common Stock",NASDAQ,2026-09-30
ACU,Acme United Corporation. Common Stock,AMEX,2026-09-30
ACVA,ACV Auctions Inc. Class A Common Stock,NYSE,2026-09-30
AD,"Array Digital Infrastructure, Inc. Common Shares",NYSE,2026-09-30
ADAM,"Adamas Trust, Inc. - Common Stock",NASDAQ,2026-09-30
ADBE,Adobe Inc. - Common Stock,NASDAQ,2026-09-30
ADC,Agree Realty Corporation Common Stock,NYSE,2026-09-30
ADEA,Adeia Inc.  - Common Stock,NASDAQ,2026-09-30
ADI,"Analog Devices, Inc. - Common Stock",NASDAQ,2026-09-30
ADIG,ADI Global Distribution Inc. Common Stock,NYSE,2026-09-30
ADM,Archer-Daniels-Midland Company Common Stock,NYSE,2026-09-30
ADMA,ADMA Biologics Inc - Common Stock,NASDAQ,2026-09-30
ADNT,Adient plc Ordinary Shares,NYSE,2026-09-30
ADP,"Automatic Data Processing, Inc. - Common Stock",NASDAQ,2026-09-30
ADPT,Adaptive Biotechnologies Corporation - Common Stock,NASDAQ,2026-09-30
ADSK,"Autodesk, Inc. - Common Stock",NASDAQ,2026-09-30
ADT,ADT Inc. Common Stock,NYSE,2026-09-30
ADTN,"ADTRAN Holdings, Inc. - Common Stock",NASDAQ,2026-09-30
ADUR,Aduro Clean Technologies Inc. - Common Stock,NASDAQ,2026-09-30
ADUS,Addus HomeCare Corporation - Common Stock,NASDAQ,2026-09-30
ADV,Advantage Solutions Inc.  - Class A Common Stock,NASDAQ,2026-09-30
AEBI,Aebi Schmidt Holding AG - Common Stock,NASDAQ,2026-09-30
AEE,Ameren Corporation Common Stock,NYSE,2026-09-30
AEG,Aegon Ltd. New York Registry Shares,NYSE,2026-09-30
AEHL,Antelope Enterprise Holdings Limited - Class A Ordinary Shares,NASDAQ,2026-09-30
AEHR,Aehr Test Systems - Common Stock,NASDAQ,2026-09-30
AEIS,"Advanced Energy Industries, Inc. - Common Stock",NASDAQ,2026-09-30
AEM,Agnico Eagle Mines Limited Common Stock,NYSE,2026-09-30
AEMD,"Aethlon Medical, Inc. - Common Stock",NASDAQ,2026-09-30
AENT,Alliance Entertainment Holding Corporation - common stock,NASDAQ,2026-09-30
AEO,"American Eagle Outfitters, Inc. Common Stock",NYSE,2026-09-30
AEP,"American Electric Power Company, Inc. - Common Stock",NASDAQ,2026-09-30
AER,AerCap Holdings N.V. Ordinary Shares,NYSE,2026-09-30
AERO,"Grupo Aeromexico, S.A.B. de C.V. American Depositary Shares (each representing ten (10) Common Shares)",NYSE,2026-09-30
AES,The AES Corporation Common Stock,NYSE,2026-09-30
AESI,Atlas Energy Solutions Inc. Common Stock,NYSE,2026-09-30
AEVA,"Aeva Technologies, Inc. - Common Stock",NASDAQ,2026-09-30
AEYE,"AudioEye, Inc. - Common Stock",NASDAQ,2026-09-30
AFG,"American Financial Group, Inc. Common Stock",NYSE,2026-09-30
AFL,AFLAC Incorporated Common Stock,NYSE,2026-09-30
AFRM,"Affirm Holdings, Inc. - Class A Common Stock",NASDAQ,2026-09-30
AFYA,Afya Limited - Class A Common Shares,NASDAQ,2026-09-30
AG,First Majestic Silver Corp. Ordinary Shares (Canada),NYSE,2026-09-30
AGCO,AGCO Corporation Common Stock,NYSE,2026-09-30
AGEN,Agenus Inc. - Common Stock,NASDAQ,2026-09-30
AGI,Alamos Gold Inc. Class A Common Shares,NYSE,2026-09-30
AGIO,"Agios Pharmaceuticals, Inc. - Common Stock",NASDAQ,2026-09-30
AGL,"agilon health, inc. Common Stock",NYSE,2026-09-30
AGM,Federal Agricultural Mortgage Corporation Common Stock,NYSE,2026-09-30
AGMB,AgomAb Therapeutics NV - ADRs representing one common share.,NASDAQ,2026-09-30
AGNC,AGNC Investment Corp. - Common Stock,NASDAQ,2026-09-30
AGNT,"AGNT, Inc. - Common Stock",NASDAQ,2026-09-30
AGO,Assured Guaranty Ltd. Common Stock,NYSE,2026-09-30
AGPU,Axe Compute Inc. - Common Stock,NASDAQ,2026-09-30
AGRO,Adecoagro S.A. Common Shares,NYSE,2026-09-30
AGRZ,Agroz Inc. - Class A Ordinary Shares,NASDAQ,2026-09-30
AGX,"Argan, Inc. Common Stock",NYSE,2026-09-30
AGYS,"Agilysys, Inc. - Common Stock",NASDAQ,2026-09-30
AHCO,AdaptHealth Corp.  - Common Stock,NASDAQ,2026-09-30
AHR,"American Healthcare REIT, Inc. Common Stock",NYSE,2026-09-30
AHRT,"AH Realty Trust, Inc. Common Stock",NYSE,2026-09-30
AI,"C3.ai, Inc. Class A Common Stock",NYSE,2026-09-30
AIAI,AIAI Holdings Corporation - Class A common stock,NASDAQ,2026-09-30
AIBZ,Bitzero Holdings Inc. - Common Shares,NASDAQ,2026-09-30
AIG,"American International Group, Inc. New Common Stock",NYSE,2026-09-30
AII,"American Integrity Insurance Group, Inc. Common Stock",NYSE,2026-09-30
AIN,Albany International Corporation Common Stock,NYSE,2026-09-30
AIOT,"PowerFleet, Inc. - Common Stock",NASDAQ,2026-09-30
AIP,"Arteris, Inc.  - Common Stock",NASDAQ,2026-09-30
AIR,AAR Corp. Common Stock,NYSE,2026-09-30
AIRJ,AirJoule Technologies Corporation - Class A Common Stock,NASDAQ,2026-09-30
AIRO,"AIRO Group Holdings, Inc. - Common Stock",NASDAQ,2026-09-30
AIRT,"Air T, Inc. - Common Stock",NASDAQ,2026-09-30
AIT,"Applied Industrial Technologies, Inc. Common Stock",NYSE,2026-09-30
AIZ,"Assurant, Inc. Common Stock",NYSE,2026-09-30
AJG,Arthur J. Gallagher & Co. Common Stock,NYSE,2026-09-30
AKAM,"Akamai Technologies, Inc. - Common Stock",NASDAQ,2026-09-30
AKAN,Akanda Corp. - Common Shares,NASDAQ,2026-09-30
AKR,Acadia Realty Trust Common Stock,NYSE,2026-09-30
AKTS,"Aktis Oncology, Inc. - Common stock",NASDAQ,2026-09-30
ALAB,"Astera Labs, Inc. - Common Stock",NASDAQ,2026-09-30
ALB,Albemarle Corporation Common Stock,NYSE,2026-09-30
ALC,Alcon Inc. Ordinary Shares,NYSE,2026-09-30
ALG,"Alamo Group, Inc. Common Stock",NYSE,2026-09-30
ALGM,"Allegro MicroSystems, Inc. - Common Stock",NASDAQ,2026-09-30
ALGN,"Align Technology, Inc. - Common Stock",NASDAQ,2026-09-30
ALGT,Allegiant Travel Company - Common Stock,NASDAQ,2026-09-30
ALH,Alliance Laundry Holdings Inc. Common Stock,NYSE,2026-09-30
ALHC,"Alignment Healthcare, Inc. - Common Stock",NASDAQ,2026-09-30
ALIT,"Alight, Inc. Class A Common Stock",NYSE,2026-09-30
ALK,"Alaska Air Group, Inc. Common Stock",NYSE,2026-09-30
ALKS,Alkermes plc - Ordinary Shares,NASDAQ,2026-09-30
ALKT,"Alkami Technology, Inc. - Common Stock",NASDAQ,2026-09-30
ALL,Allstate Corporation (The) Common Stock,NYSE,2026-09-30
ALLE,Allegion plc Ordinary Shares,NYSE,2026-09-30
ALLT,Allot Ltd. - Ordinary Shares,NASDAQ,2026-09-30
ALLY,Ally Financial Inc. Common Stock,NYSE,2026-09-30
ALM,Almonty Industries Inc. - Common Shares,NASDAQ,2026-09-30
ALMR,"Alamar Biosciences, Inc. - Class A common stock",NASDAQ,2026-09-30
ALMS,Alumis Inc. - Common Stock,NASDAQ,2026-09-30
ALMU,"Aeluma, Inc. - Common Stock",NASDAQ,2026-09-30
ALNT,Allient Inc. - Common Stock,NASDAQ,2026-09-30
ALNY,"Alnylam Pharmaceuticals, Inc. - Common Stock",NASDAQ,2026-09-30
ALOY,REalloys Inc. - Common Stock,NASDAQ,2026-09-30
ALRM,"Alarm.com Holdings, Inc. - Common Stock",NASDAQ,2026-09-30
ALRS,Alerus Financial Corporation - Common Stock,NASDAQ,2026-09-30
ALSN,"Allison Transmission Holdings, Inc. Common Stock",NYSE,2026-09-30
ALT,"Altimmune, Inc. - Common Stock",NASDAQ,2026-09-30
ALTG,Alta Equipment Group Inc. Class A Common Stock,NYSE,2026-09-30
ALTO,"Alto Ingredients, Inc. - Common Stock",NASDAQ,2026-09-30
ALV,"Autoliv, Inc. Common Stock",NYSE,2026-09-30
ALVO,Alvotech - Ordinary Shares,NASDAQ,2026-09-30
ALX,"Alexander's, Inc. Common Stock",NYSE,2026-09-30
AM,Antero Midstream Corporation Common Stock,NYSE,2026-09-30
AMAL,Amalgamated Financial Corp. - Common Stock,NASDAQ,2026-09-30
AMAT,"Applied Materials, Inc. - Common Stock",NASDAQ,2026-09-30
AMBA,"Ambarella, Inc. - Ordinary Shares",NASDAQ,2026-09-30
AMBP,Ardagh Metal Packaging S.A. Ordinary Shares,NYSE,2026-09-30
AMBQ,"Ambiq Micro, Inc. Common Stock",NYSE,2026-09-30
AMC,"AMC Entertainment Holdings, Inc. Class A Common Stock",NYSE,2026-09-30
AMCR,Amcor plc Ordinary Shares,NYSE,2026-09-30
AMCX,AMC Global Media Inc. - Class A Common Stock,NASDAQ,2026-09-30
AMD,"Advanced Micro Devices, Inc. - Common Stock",NASDAQ,2026-09-30
AME,"AMETEK, Inc.",NYSE,2026-09-30
AMG,"Affiliated Managers Group, Inc. Common Stock",NYSE,2026-09-30
AMGN,Amgen Inc. - Common Stock,NASDAQ,2026-09-30
AMH,American Homes 4 Rent Common Shares of Beneficial Interest,NYSE,2026-09-30
AMKR,"Amkor Technology, Inc. - Common Stock",NASDAQ,2026-09-30
AMLX,"Amylyx Pharmaceuticals, Inc. - Common Stock",NASDAQ,2026-09-30
AMN,AMN Healthcare Services Inc,NYSE,2026-09-30
AMP,"Ameriprise Financial, Inc. Common Stock",NYSE,2026-09-30
AMPG,"Amplitech Group, Inc. - Common Stock",NASDAQ,2026-09-30
AMPH,"Amphastar Pharmaceuticals, Inc. - Common Stock",NASDAQ,2026-09-30
AMPL,"Amplitude, Inc. - Class A Common Stock",NASDAQ,2026-09-30
AMPX,"Amprius Technologies, Inc. Common Stock",NYSE,2026-09-30
AMPY,Amplify Energy Corp. Common Stock,NYSE,2026-09-30
AMR,"Alpha Metallurgical Resources, Inc. Common Stock",NYSE,2026-09-30
AMRC,"Ameresco, Inc. Class A Common Stock",NYSE,2026-09-30
AMRX,"Amneal Pharmaceuticals, Inc. - Class A Common Stock",NASDAQ,2026-09-30
AMRZ,Amrize Ltd Ordinary Shares,NYSE,2026-09-30
AMSC,American Superconductor Corporation - Common Stock,NASDAQ,2026-09-30
AMSF,"AMERISAFE, Inc. - Common Stock",NASDAQ,2026-09-30
AMT,American Tower Corporation (REIT) Common Stock,NYSE,2026-09-30
AMTB,Amerant Bancorp Inc. Class A Common Stock,NYSE,2026-09-30
AMTM,"Amentum Holdings, Inc. Common Stock",NYSE,2026-09-30
AMWL,American Well Corporation Class A Common Stock,NYSE,2026-09-30
AMZN,"Amazon.com, Inc. - Common Stock",NASDAQ,2026-09-30
AN,"AutoNation, Inc. Common Stock",NYSE,2026-09-30
ANAB,"AnaptysBio, Inc. - Common Stock",NASDAQ,2026-09-30
ANDE,"The Andersons, Inc. - Common Stock",NASDAQ,2026-09-30
ANDG,Andersen Group Inc. Class A Common Stock,NYSE,2026-09-30
ANET,"Arista Networks, Inc. Common Stock",NYSE,2026-09-30
ANF,Abercrombie & Fitch Company Common Stock,NYSE,2026-09-30
ANGI,Angi Inc. - Class A Common Stock,NASDAQ,2026-09-30
ANGO,"AngioDynamics, Inc. - Common Stock",NASDAQ,2026-09-30
ANGX,"Angel Studios, Inc. Class A Common Stock",NYSE,2026-09-30
ANIK,Anika Therapeutics Inc. - Common Stock,NASDAQ,2026-09-30
ANIP,"ANI Pharmaceuticals, Inc. - Common Stock",NASDAQ,2026-09-30
ANIX,"Anixa Biosciences, Inc. - Common Stock",NASDAQ,2026-09-30
ANL,Adlai Nortye Group Ltd. - American Depositary Shares,NASDAQ,2026-09-30
ANNX,"Annexon, Inc. - common stock",NASDAQ,2026-09-30
ANPA,Rich Sparkle Holdings Limited - Ordinary Shares,NASDAQ,2026-09-30
ANRO,"Alto Neuroscience, Inc. Common Stock",NYSE,2026-09-30
ANTX,"AN2 Therapeutics, Inc. - Common Stock",NASDAQ,2026-09-30
AOMR,"Angel Oak Mortgage REIT, Inc. Common Stock",NYSE,2026-09-30
AON,Aon plc Class A Ordinary Shares (Ireland),NYSE,2026-09-30
AORT,"Artivion, Inc. Common Stock",NYSE,2026-09-30
AOS,A.O. Smith Corporation Common Stock,NYSE,2026-09-30
AOSL,Alpha and Omega Semiconductor Limited - Common Shares,NASDAQ,2026-09-30
AOUT,"American Outdoor Brands, Inc. - Common Stock",NASDAQ,2026-09-30
APA,APA Corporation - Common Stock,NASDAQ,2026-09-30
APAM,Artisan Partners Asset Management Inc. Class A Common Stock,NYSE,2026-09-30
APC,ARKO Petroleum Corp. - Class A Common Stock,NASDAQ,2026-09-30
APD,"Air Products and Chemicals, Inc. Common Stock",NYSE,2026-09-30
APEI,"American Public Education, Inc. - Common Stock",NASDAQ,2026-09-30
APG,APi Group Corporation Common Stock,NYSE,2026-09-30
APH,Amphenol Corporation Common Stock,NYSE,2026-09-30
APLD,Applied Digital Corporation - Common Stock,NASDAQ,2026-09-30
APLE,"Apple Hospitality REIT, Inc. Common Shares",NYSE,2026-09-30
APMD,"Apnimed, Inc. - Common Stock",NASDAQ,2026-09-30
APO,"Apollo Global Management, Inc. (New) Common Stock",NYSE,2026-09-30
APOG,"Apogee Enterprises, Inc. - Common Stock",NASDAQ,2026-09-30
APP,Applovin Corporation - Class A Common Stock,NASDAQ,2026-09-30
APPF,"AppFolio, Inc. - Class A Common Stock",NASDAQ,2026-09-30
APPN,Appian Corporation - Class A Common Stock,NASDAQ,2026-09-30
APPS,"Digital Turbine, Inc. - Common Stock",NASDAQ,2026-09-30
APTV,Aptiv PLC Ordinary Shares,NYSE,2026-09-30
APUR,Aperture AC - Class A Ordinary Shares,NASDAQ,2026-09-30
APUS,"Apimeds Pharmaceuticals US, Inc. Common Stock",AMEX,2026-09-30
APXT,Apex Treasury Corporation - Class A Ordinary Share,NASDAQ,2026-09-30
AQN,Algonquin Power & Utilities Corp. Common Shares,NYSE,2026-09-30
AQST,"Aquestive Therapeutics, Inc. - Common Stock",NASDAQ,2026-09-30
AR,Antero Resources Corporation Common Stock,NYSE,2026-09-30
ARCB,ArcBest Corporation - Common Stock,NASDAQ,2026-09-30
ARCO,Arcos Dorados Holdings Inc. Class A Shares,NYSE,2026-09-30
ARCT,Arcturus Therapeutics Holdings Inc. - Common Stock,NASDAQ,2026-09-30
ARDT,"Ardent Health, Inc. Common Stock",NYSE,2026-09-30
ARDX,"Ardelyx, Inc. - Common Stock",NASDAQ,2026-09-30
ARE,"Alexandria Real Estate Equities, Inc. Common Stock",NYSE,2026-09-30
ARES,Ares Management Corporation Class A Common Stock,NYSE,2026-09-30
ARGX,argenx SE - American Depositary Shares,NASDAQ,2026-09-30
ARHS,"Arhaus, Inc. - Class A Common Stock",NASDAQ,2026-09-30
ARI,"Apollo Commercial Real Estate Finance, Inc",NYSE,2026-09-30
ARIS,Aris Mining Corporation Common Shares,NYSE,2026-09-30
ARKO,ARKO Corp. - Common Stock,NASDAQ,2026-09-30
ARLO,"Arlo Technologies, Inc. Common Stock",NYSE,2026-09-30
ARM,Arm Holdings plc - American Depositary Shares,NASDAQ,2026-09-30
ARMK,Aramark Common Stock,NYSE,2026-09-30
ARMP,"Armata Pharmaceuticals, Inc. Common Stock",AMEX,2026-09-30
AROC,"Archrock, Inc. Common Stock",NYSE,2026-09-30
AROW,Arrow Financial Corporation - Common Stock,NASDAQ,2026-09-30
ARQQ,Arqit Quantum Inc. - Ordinary Shares,NASDAQ,2026-09-30
ARQT,"Arcutis Biotherapeutics, Inc. - Common stock",NASDAQ,2026-09-30
ARR,"ARMOUR Residential REIT, Inc.",NYSE,2026-09-30
ARRY,"Array Technologies, Inc. - Common Stock",NASDAQ,2026-09-30
ARTL,"Artelo Biosciences, Inc. - Common Stock",NASDAQ,2026-09-30
ARTNA,Artesian Resources Corporation - Class A Non-Voting Common Stock,NASDAQ,2026-09-30
ARTV,"Artiva Biotherapeutics, Inc. - Common Stock",NASDAQ,2026-09-30
ARVN,"Arvinas, Inc. - Common Stock",NASDAQ,2026-09-30
ARW,"Arrow Electronics, Inc. Common Stock",NYSE,2026-09-30
ARWR,"Arrowhead Pharmaceuticals, Inc. - Common Stock",NASDAQ,2026-09-30
ARX,Accelerant Holdings Class A Common Shares,NYSE,2026-09-30
ARXS,"Arxis, Inc. - Class A Common Stock",NASDAQ,2026-09-30
AS,"Amer Sports, Inc. Ordinary Shares",NYSE,2026-09-30
ASA,ASA  Gold and Precious Metals Limited,NYSE,2026-09-30
ASAN,"Asana, Inc. Class A Common Stock",NYSE,2026-09-30
ASB,Associated Banc-Corp Common Stock,NYSE,2026-09-30
ASBH,"American Savings Bank, N.A. Common Stock",NYSE,2026-09-30
ASC,Ardmore Shipping Corporation Common Stock,NYSE,2026-09-30
ASH,Ashland Inc. Common Stock,NYSE,2026-09-30
ASIC,Ategrity Specialty Insurance Company Holdings Common Stock,NYSE,2026-09-30
ASIX,AdvanSix Inc. Common Stock,NYSE,2026-09-30
ASLE,AerSale Corporation - Common Stock,NASDAQ,2026-09-30
ASM,Avino Silver & Gold Mines Ltd. Common Shares (Canada),AMEX,2026-09-30
ASMB,"Assembly Biosciences, Inc. - Common Stock",NASDAQ,2026-09-30
ASML,ASML Holding N.V. - New York Registry Shares,NASDAQ,2026-09-30
ASND,Ascendis Pharma A/S - Ordinary Share,NASDAQ,2026-09-30
ASO,"Academy Sports and Outdoors, Inc. - Common Stock",NASDAQ,2026-09-30
ASPI,ASP Isotopes Inc. - Common Stock,NASDAQ,2026-09-30
ASPN,"Aspen Aerogels, Inc. Common Stock",NYSE,2026-09-30
ASR,"Grupo Aeroportuario del Sureste, S.A. de C.V. Common Stock",NYSE,2026-09-30
ASST,"Strive, Inc. - Class A Common Stock",NASDAQ,2026-09-30
ASTE,"Astec Industries, Inc. - Common Stock",NASDAQ,2026-09-30
ASTH,Astrana Health Inc. - Common Stock,NASDAQ,2026-09-30
ASTL,Algoma Steel Group Inc. - Common Shares,NASDAQ,2026-09-30
ASTS,"AST SpaceMobile, Inc. - Class A Common Stock",NASDAQ,2026-09-30
ASX,"ASE Technology Holding Co., Ltd. American Depositary Shares (each representing Two Common Shares)",NYSE,2026-09-30
ASYS,"Amtech Systems, Inc. - Common Stock",NASDAQ,2026-09-30
ATAT,Atour Lifestyle Holdings Limited - American Depositary Shares,NASDAQ,2026-09-30
ATEC,"Alphatec Holdings, Inc. - Common Stock",NASDAQ,2026-09-30
ATEN,"A10 Networks, Inc. Common Stock",NYSE,2026-09-30
ATEX,Anterix Inc. - Common Stock,NASDAQ,2026-09-30
ATHM,"Autohome Inc. American Depositary Shares, each representing four class A ordinary shares.",NYSE,2026-09-30
ATI,ATI Inc. Common Stock,NYSE,2026-09-30
ATII,Archimedes Tech SPAC Partners II Co. - Ordinary Shares,NASDAQ,2026-09-30
ATKR,Atkore Inc. Common Stock,NYSE,2026-09-30
ATLC,Atlanticus Holdings Corporation - Common Stock,NASDAQ,2026-09-30
ATMU,Atmus Filtration Technologies Inc. Common Stock,NYSE,2026-09-30
ATNI,"ATN International, Inc. - Common Stock",NASDAQ,2026-09-30
ATO,Atmos Energy Corporation Common Stock,NYSE,2026-09-30
ATOM,Atomera Incorporated - Common Stock,NASDAQ,2026-09-30
ATR,"AptarGroup, Inc. Common Stock",NYSE,2026-09-30
ATRC,"AtriCure, Inc. - Common Stock",NASDAQ,2026-09-30
ATRO,Astronics Corporation - Common Stock,NASDAQ,2026-09-30
ATS,ATS Corporation Common Shares,NYSE,2026-09-30
ATTO,"Attovia Therapeutics, Inc. - Common Stock",NASDAQ,2026-09-30
ATTT,Atlas Trinity Tech Limited - Ordinary Shares,NASDAQ,2026-09-30
AU,AngloGold Ashanti PLC Ordinary Shares,NYSE,2026-09-30
AUB,Atlantic Union Bankshares Corporation Common Stock,NYSE,2026-09-30
AUGO,Aura Minerals Inc. - Common Shares,NASDAQ,2026-09-30
AUPH,Aurinia Pharmaceuticals Inc - Common Shares,NASDAQ,2026-09-30
AUR,"Aurora Innovation, Inc.  - Class A Common Stock",NASDAQ,2026-09-30
AURA,"Aura Biosciences, Inc. - Common Stock",NASDAQ,2026-09-30
AVA,Avista Corporation Common Stock,NYSE,2026-09-30
AVAH,Aveanna Healthcare Holdings Inc. - Common Stock,NASDAQ,2026-09-30
AVAV,"AeroVironment, Inc. - Common Stock",NASDAQ,2026-09-30
AVBC,"Avidia Bancorp, Inc. Common Stock",NYSE,2026-09-30
AVBH,"Avidbank Holdings, Inc. - Common Stock",NASDAQ,2026-09-30
AVBP,"ArriVent BioPharma, Inc. - Common Stock",NASDAQ,2026-09-30
AVEX,AEVEX Corp. Class A Common Stock,NYSE,2026-09-30
AVGO,Broadcom Inc. - Common Stock,NASDAQ,2026-09-30
AVIR,"Atea Pharmaceuticals, Inc. - common stock",NASDAQ,2026-09-30
AVLN,Avalyn Pharma Inc. - common stock,NASDAQ,2026-09-30
AVNT,Avient Corporation Common Stock,NYSE,2026-09-30
AVNW,"Aviat Networks, Inc. - Common Stock",NASDAQ,2026-09-30
AVO,"Mission Produce, Inc. - Common Stock",NASDAQ,2026-09-30
AVPT,"AvePoint, Inc. - Class A Common Stock",NASDAQ,2026-09-30
AVR,Anteris Technologies Global Corp. - Common Stock,NASDAQ,2026-09-30
AVT,"Avnet, Inc. - Common Stock",NASDAQ,2026-09-30
AVTR,"Avantor, Inc. Common Stock",NYSE,2026-09-30
AVTX,"Avalo Therapeutics, Inc. - Common Stock",NASDAQ,2026-09-30
AVX,Avax One Technology Ltd. - Common Shares,NASDAQ,2026-09-30
AVXL,Anavex Life Sciences Corp. - Common Stock,NASDAQ,2026-09-30
AVY,Avery Dennison Corporation Common Stock,NYSE,2026-09-30
AWI,Armstrong World Industries Inc Common Stock,NYSE,2026-09-30
AWK,"American Water Works Company, Inc. Common Stock",NYSE,2026-09-30
AWR,American States Water Company Common Stock,NYSE,2026-09-30
AX,"Axos Financial, Inc. Common Stock",NYSE,2026-09-30
AXGN,"Axogen, Inc. - Common Stock",NASDAQ,2026-09-30
AXON,"Axon Enterprise, Inc. - Common Stock",NASDAQ,2026-09-30
AXP,American Express Company Common Stock,NYSE,2026-09-30
AXS,Axis Capital Holdings Limited Common Stock,NYSE,2026-09-30
AXSM,"Axsome Therapeutics, Inc. - Common Stock",NASDAQ,2026-09-30
AXTA,Axalta Coating Systems Ltd. Common Shares,NYSE,2026-09-30
AXTI,AXT Inc - Common Stock,NASDAQ,2026-09-30
AYA,Aya Gold & Silver Inc. - Common Shares,NASDAQ,2026-09-30
AYI,Acuity Inc. Common Stock,NYSE,2026-09-30
AZ,A2Z Cust2Mate Solutions Corp. - Common Shares,NASDAQ,2026-09-30
AZN,AstraZeneca PLC Ordinary Shares,NYSE,2026-09-30
AZO,"AutoZone, Inc. Common Stock",NYSE,2026-09-30
AZTA,"Azenta, Inc. - Common Stock",NASDAQ,2026-09-30
AZUL,"Azul S.A. American Depositary Shares, each representing two (2) Common Shares",NYSE,2026-09-30
AZZ,AZZ Inc.,NYSE,2026-09-30
B,Barrick Mining Corporation Common Shares,NYSE,2026-09-30
BA,Boeing Company (The) Common Stock,NYSE,2026-09-30
BABA,Alibaba Group Holding Limited American Depositary Shares each representing eight Ordinary share,NYSE,2026-09-30
BAC,Bank of America Corporation Common Stock,NYSE,2026-09-30
BAFN,BayFirst Financial Corp. - Common Stock,NASDAQ,2026-09-30
BAH,Booz Allen Hamilton Holding Corporation Common Stock,NYSE,2026-09-30
BALL,Ball Corporation Common Stock,NYSE,2026-09-30
BALY,Bally's Corporation Common Stock,NYSE,2026-09-30
BAM,Brookfield Asset Management Inc Class A Limited Voting Shares,NYSE,2026-09-30
BANC,"Banc of California, Inc. Common Stock",NYSE,2026-09-30
BAND,Bandwidth Inc. - Class A Common Stock,NASDAQ,2026-09-30
BANF,BancFirst Corporation - Common Stock,NASDAQ,2026-09-30
BANR,Banner Corporation - Common Stock,NASDAQ,2026-09-30
BAP,Credicorp Ltd. Common Stock,NYSE,2026-09-30
BAR,GraniteShares Gold Trust Shares of Beneficial Interest,ARCA,2026-09-30
BATRA,"Atlanta Braves Holdings, Inc. - Series A Common Stock",NASDAQ,2026-09-30
BATRK,"Atlanta Braves Holdings, Inc. - Series C Common Stock",NASDAQ,2026-09-30
BAX,Baxter International Inc. Common Stock,NYSE,2026-09-30
BB,BlackBerry Limited Common Stock,NYSE,2026-09-30
BBAI,"BigBear.ai, Inc. Common Stock",NYSE,2026-09-30
BBAR,Banco BBVA Argentina S.A. ADS,NYSE,2026-09-30
BBCP,"Concrete Pumping Holdings, Inc.  - Common Stock",NASDAQ,2026-09-30
BBD,Banco Bradesco Sa American Depositary Shares,NYSE,2026-09-30
BBDC,"Barings BDC, Inc. Common Stock",NYSE,2026-09-30
BBIO,"BridgeBio Pharma, Inc. - Common Stock",NASDAQ,2026-09-30
BBN,BlackRock Taxable Municipal Bond Trust Common Shares of Beneficial Interest,NYSE,2026-09-30
BBNX,"Beta Bionics, Inc. - Common Stock",NASDAQ,2026-09-30
BBOT,"BridgeBio Oncology Therapeutics, Inc. - Common Stock",NASDAQ,2026-09-30
BBSI,"Barrett Business Services, Inc. - Common Stock",NASDAQ,2026-09-30
BBT,Beacon Financial Corporation Common stock,NYSE,2026-09-30
BBUC,Brookfield Business Corporation Class A Subordinate Voting Shares,NYSE,2026-09-30
BBVA,Banco Bilbao Vizcaya Argentaria S.A. Common Stock,NYSE,2026-09-30
BBW,"Build-A-Bear Workshop, Inc. Common Stock",NYSE,2026-09-30
BBWI,"Bath & Body Works, Inc.",NYSE,2026-09-30
BBY,"Best Buy Co., Inc. Common Stock",NYSE,2026-09-30
BC,Brunswick Corporation Common Stock,NYSE,2026-09-30
BCAL,California BanCorp - Common Stock,NASDAQ,2026-09-30
BCAT,BlackRock Capital Allocation Term Trust Common Shares of Beneficial Interest,NYSE,2026-09-30
BCAX,Bicara Therapeutics Inc. - Common Stock,NASDAQ,2026-09-30
BCBP,"BCB Bancorp, Inc. (NJ) - Common Stock",NASDAQ,2026-09-30
BCC,"Boise Cascade, L.L.C. Common Stock",NYSE,2026-09-30
BCE,"BCE, Inc. Common Stock",NYSE,2026-09-30
BCH,Banco De Chile ADS,NYSE,2026-09-30
BCML,BayCom Corp - Common Stock,NASDAQ,2026-09-30
BCO,Brinks Company (The) Common Stock,NYSE,2026-09-30
BCPC,Balchem Corporation - Common Stock,NASDAQ,2026-09-30
BCRX,"BioCryst Pharmaceuticals, Inc. - Common Stock",NASDAQ,2026-09-30
BCS,Barclays PLC Common Stock,NYSE,2026-09-30
BCSF,"Bain Capital Specialty Finance, Inc. Common Stock",NYSE,2026-09-30
BCX,BlackRock Resources Common Shares of Beneficial Interest,NYSE,2026-09-30
BCYC,Bicycle Therapeutics plc - American Depositary Shares,NASDAQ,2026-09-30
BDC,Belden Inc Common Stock,NYSE,2026-09-30
BDJ,Blackrock Enhanced Equity Dividend Trust,NYSE,2026-09-30
BDL,"Flanigan's Enterprises, Inc. Common Stock",AMEX,2026-09-30
BDN,Brandywine Realty Trust Common Stock,NYSE,2026-09-30
BDSX,"Biodesix, Inc. - Common Stock",NASDAQ,2026-09-30
BDX,"Becton, Dickinson and Company Common Stock",NYSE,2026-09-30
BE,Bloom Energy Corporation Class A Common Stock,NYSE,2026-09-30
BEAM,Beam Therapeutics Inc. - Common Stock,NASDAQ,2026-09-30
BEKE,KE Holdings Inc American Depositary Shares (each representing three Class A Ordinary Shares),NYSE,2026-09-30
BELFA,Bel Fuse Inc. - Class A Common Stock,NASDAQ,2026-09-30
BELFB,Bel Fuse Inc. - Class B Common Stock,NASDAQ,2026-09-30
BEN,"Franklin Templeton, Inc. Common Stock",NYSE,2026-09-30
BEPC,Brookfield Renewable Corporation Brookfield Renewable Corporation Class A Subordinate Voting Shares,NYSE,2026-09-30
BETA,"Beta Technologies, Inc. Class A Common Stock",NYSE,2026-09-30
BETR,Better Home & Finance Holding Company - Class A Common Stock,NASDAQ,2026-09-30
BF-A,Brown Forman Inc Class A Common Stock,NYSE,2026-09-30
BF-B,Brown Forman Inc Class B Common Stock,NYSE,2026-09-30
BFAM,Bright Horizons Family Solutions Inc. Common Stock,NYSE,2026-09-30
BFC,Bank First Corporation - Common Stock,NASDAQ,2026-09-30
BFH,"Bread Financial Holdings, Inc. Common Stock",NYSE,2026-09-30
BFLY,"Butterfly Network, Inc. Class A Common Stock",NYSE,2026-09-30
BFS,"Saul Centers, Inc. Common Stock",NYSE,2026-09-30
BFST,"Business First Bancshares, Inc. - Common Stock",NASDAQ,2026-09-30
BG,Bunge Limited Common Shares,NYSE,2026-09-30
BGC,"BGC Group, Inc. - Class A Common Stock",NASDAQ,2026-09-30
BGIN,Bgin Blockchain Limited - Class A Ordinary Shares,NASDAQ,2026-09-30
BGR,BlackRock Energy and Resources Trust,NYSE,2026-09-30
BGS,"B&G Foods, Inc. Common Stock",NYSE,2026-09-30
BGSI,Boyd Group Services Inc. Common Shares,NYSE,2026-09-30
BGT,BlackRock Floating Rate Income Trust,NYSE,2026-09-30
BGY,Blackrock Enhanced International Dividend Trust,NYSE,2026-09-30
BH,Biglari Holdings Inc. Class B Common Stock,NYSE,2026-09-30
BH-A,Biglari Holdings Inc. Class A Common Stock,NYSE,2026-09-30
BHB,"Bar Harbor Bankshares, Inc. Common Stock",AMEX,2026-09-30
BHC,Bausch Health Companies Inc. Common Stock,NYSE,2026-09-30
BHE,"Benchmark Electronics, Inc. Common Stock",NYSE,2026-09-30
BHF,"Brighthouse Financial, Inc. - Common Stock",NASDAQ,2026-09-30
BHK,Blackrock Core Bond Trust,NYSE,2026-09-30
BHP,BHP Group Limited American Depositary Shares (Each representing two Ordinary Shares),NYSE,2026-09-30
BHRB,Burke & Herbert Financial Services Corp. - Common Stock,NASDAQ,2026-09-30
BHVN,Biohaven Ltd. Common Shares,NYSE,2026-09-30
BIAF,"bioAffinity Technologies, Inc. - Common Stock",NASDAQ,2026-09-30
BIDU,"Baidu, Inc. - American Depositary Shares, each representing 8 ordinary share",NASDAQ,2026-09-30
BIIB,Biogen Inc. - Common Stock,NASDAQ,2026-09-30
BIII,Black Spade Acquisition III Co Class A Ordinary Shares,NYSE,2026-09-30
BILI,Bilibili Inc. - American Depositary Shares,NASDAQ,2026-09-30
BILL,"BILL Holdings, Inc. Common Stock",NYSE,2026-09-30
BIO,"Bio-Rad Laboratories, Inc. Class A Common Stock",NYSE,2026-09-30
BIOA,"BioAge Labs, Inc. - Common Stock",NASDAQ,2026-09-30
BIPC,Brookfield Infrastructure Corporation Brookfield Infrastructure Corporation,NYSE,2026-09-30
BIRK,Birkenstock Holding plc Ordinary Shares,NYSE,2026-09-30
BIT,BlackRock Multi-Sector Income Trust Common Shares of Beneficial Interest,NYSE,2026-09-30
BIYA,Baiya International Group Inc.  - Ordinary Shares,NASDAQ,2026-09-30
BJ,"BJ's Wholesale Club Holdings, Inc. Common Stock",NYSE,2026-09-30
BJRI,"BJ's Restaurants, Inc. - Common Stock",NASDAQ,2026-09-30
BKD,Brookdale Senior Living Inc. Common Stock,NYSE,2026-09-30
BKE,"Buckle, Inc. (The) Common Stock",NYSE,2026-09-30
BKH,Black Hills Corporation Common Stock,NYSE,2026-09-30
BKKT,"Bakkt, Inc. Class A Common Stock",NYSE,2026-09-30
BKNG,Booking Holdings Inc. - Common Stock,NASDAQ,2026-09-30
BKR,Baker Hughes Company - Common Stock,NASDAQ,2026-09-30
BKSY,BlackSky Technology Inc. Class A Common Stock,NYSE,2026-09-30
BKT,BlackRock Income Trust Inc. (The),NYSE,2026-09-30
BKTI,BK Technologies Corporation Common Stock,AMEX,2026-09-30
BKU,"BankUnited, Inc. Common Stock",NYSE,2026-09-30
BKV,BKV Corporation Common Stock,NYSE,2026-09-30
BKYI,"BIO-key International, Inc. - Common Stock",NASDAQ,2026-09-30
BL,"BlackLine, Inc. - Common Stock",NASDAQ,2026-09-30
BLBD,Blue Bird Corporation - Common Stock,NASDAQ,2026-09-30
BLCO,Bausch + Lomb Corporation Common Shares,NYSE,2026-09-30
BLDP,"Ballard Power Systems, Inc. - Common Shares",NASDAQ,2026-09-30
BLDR,"Builders FirstSource, Inc. Common Stock",NYSE,2026-09-30
BLFS,"BioLife Solutions, Inc. - Common Stock",NASDAQ,2026-09-30
BLK,"BlackRock, Inc. Common Stock",NYSE,2026-09-30
BLKB,"Blackbaud, Inc. - Common Stock",NASDAQ,2026-09-30
BLLN,"BillionToOne, Inc. - Class A common stock",NASDAQ,2026-09-30
BLMN,"Bloomin' Brands, Inc. - Common Stock",NASDAQ,2026-09-30
BLSH,Bullish Ordinary Shares,NYSE,2026-09-30
BLSM,"BlossomHill Therapeutics, Inc. - Common Stock",NASDAQ,2026-09-30
BLTE,"Belite Bio, Inc - American Depositary Shares",NASDAQ,2026-09-30
BLW,Blackrock Limited Duration Income Trust,NYSE,2026-09-30
BLX,"Bladex, Inc. Class E Common Stock",NYSE,2026-09-30
BLZE,"Backblaze, Inc. - Common Stock",NASDAQ,2026-09-30
BMA,Banco Macro S.A.  ADR (representing Ten Class B Common Shares),NYSE,2026-09-30
BMBL,Bumble Inc. - common stock,NASDAQ,2026-09-30
BME,Blackrock Health Sciences Trust,NYSE,2026-09-30
BMEZ,BlackRock Health Sciences Term Trust Common Shares of Beneficial Interest,NYSE,2026-09-30
BMGL,Basel Medical Group Ltd - ordinary shares,NASDAQ,2026-09-30
BMI,"Badger Meter, Inc. Common Stock",NYSE,2026-09-30
BMM,Blue Moon Metals Inc. - Common Shares,NASDAQ,2026-09-30
BMNR,"BitMine Immersion Technologies, Inc. Common Stock",NYSE,2026-09-30
BMO,Bank Of Montreal Common Stock,NYSE,2026-09-30
BMRC,Bank of Marin Bancorp - Common Stock,NASDAQ,2026-09-30
BMRN,BioMarin Pharmaceutical Inc. - Common Stock,NASDAQ,2026-09-30
BMY,Bristol-Myers Squibb Company Common Stock,NYSE,2026-09-30
BN,Brookfield Corporation Class A Limited Voting Shares,NYSE,2026-09-30
BNAI,Brand Engagement Network Inc. - Common Stock,NASDAQ,2026-09-30
BNC,BNB Standard Corporation - Common Stock,NASDAQ,2026-09-30
BNED,"Barnes & Noble Education, Inc Common Stock",NYSE,2026-09-30
BNL,"Broadstone Net Lease, Inc. Common Stock",NYSE,2026-09-30
BNS,Bank Nova Scotia Halifax Pfd 3 Ordinary Shares,NYSE,2026-09-30
BNTC,Benitec Biopharma Inc. - Common Stock,NASDAQ,2026-09-30
BNTX,BioNTech SE - American Depositary Shares,NASDAQ,2026-09-30
BNY,The Bank of New York Mellon Corporation Common Stock,NYSE,2026-09-30
BOBS,"Bob's Discount Furniture, Inc. Common Stock",NYSE,2026-09-30
BOC,Boston Omaha Corporation Class A Common Stock,NYSE,2026-09-30
BOE,Blackrock Enhanced Global Dividend Trust Common Shares of Beneficial Interest,NYSE,2026-09-30
BOH,Bank of Hawaii Corporation Common Stock,NYSE,2026-09-30
BOKF,BOK Financial Corporation - Common Stock,NASDAQ,2026-09-30
BOOT,"Boot Barn Holdings, Inc. Common Stock",NYSE,2026-09-30
BORR,Borr Drilling Limited Common Shares,NYSE,2026-09-30
BOT,"RoboStrategy, Inc. - Common Stock",NASDAQ,2026-09-30
BOTJ,"Bank of the James Financial Group, Inc. - Common Stock",NASDAQ,2026-09-30
BOW,Bowhead Specialty Holdings Inc. Common Stock,NYSE,2026-09-30
BOX,"Box, Inc. Class A Common Stock",NYSE,2026-09-30
BP,BP p.l.c. Common Stock,NYSE,2026-09-30
BPOP,"Popular, Inc. - Common Stock",NASDAQ,2026-09-30
BPRN,"Princeton Bancorp, Inc. - Common Stock",NASDAQ,2026-09-30
BR,"Broadridge Financial Solutions, Inc. Common Stock",NYSE,2026-09-30
BRBR,"BellRing Brands, Inc. Common Stock",NYSE,2026-09-30
BRBS,"Blue Ridge Bankshares, Inc. Common Stock",AMEX,2026-09-30
BRC,Brady Corporation Common Stock,NYSE,2026-09-30
BRCB,"Black Rock Coffee Bar, Inc. - Class A Common Stock",NASDAQ,2026-09-30
BRK-B,Berkshire Hathaway Inc. New Common Stock,NYSE,2026-09-30
BRKR,Bruker Corporation - Common Stock,NASDAQ,2026-09-30
BRNX,BrenX Ltd. - Ordinary Shares,NASDAQ,2026-09-30
BRO,"Brown & Brown, Inc. Common Stock",NYSE,2026-09-30
BROS,Dutch Bros Inc. Class A Common Stock,NYSE,2026-09-30
BRSL,"Brightstar Lottery PLC Trading under the Legal Name to begin at the market open on July 21, 2025. Ordinary Shares",NYSE,2026-09-30
BRSP,"BrightSpire Capital, Inc. Class A Common Stock",NYSE,2026-09-30
BRUN,Boost Run Inc. - Class A Common Stock,NASDAQ,2026-09-30
BRVE,"Braveheart Bio, Inc. - Common Stock",NASDAQ,2026-09-30
BRX,Brixmor Property Group Inc. Common Stock,NYSE,2026-09-30
BRZE,"Braze, Inc. - Class A Common Stock",NASDAQ,2026-09-30
BSAC,Banco Santander - Chile ADS,NYSE,2026-09-30
BSP,Bending Spoons S.p.A. - Ordinary Shares,NASDAQ,2026-09-30
BSRR,Sierra Bancorp - Common Stock,NASDAQ,2026-09-30
BST,BlackRock Science and Technology Trust Common Shares of Beneficial Interest,NYSE,2026-09-30
BSTZ,BlackRock Science and Technology Term Trust Common Shares of Beneficial Interest,NYSE,2026-09-30
BSVN,Bank7 Corp. - Common stock,NASDAQ,2026-09-30
BSX,Boston Scientific Corporation Common Stock,NYSE,2026-09-30
BSY,"Bentley Systems, Incorporated - Class B Common Stock",NASDAQ,2026-09-30
BTDR,Bitdeer Technologies Group - Ordinary Shares,NASDAQ,2026-09-30
BTE,Baytex Energy Corp Common Shares,NYSE,2026-09-30
BTG,B2Gold Corp Common shares (Canada),AMEX,2026-09-30
BTGO,"BitGo Holdings, Inc. Class A Common Stock",NYSE,2026-09-30
BTI,"British American Tobacco  Industries, p.l.c. Common Stock ADR",NYSE,2026-09-30
BTQ,BTQ Technologies Corp. - Common Stock,NASDAQ,2026-09-30
BTSG,"BrightSpring Health Services, Inc. - Common Stock",NASDAQ,2026-09-30
BTT,BlackRock Municipal 2030 Target Term Trust,NYSE,2026-09-30
BTU,Peabody Energy Corporation Common Stock,NYSE,2026-09-30
BTX,BlackRock Technology and Private Equity Term Trust Common Shares of Beneficial Interest,NYSE,2026-09-30
BTZ,BlackRock Credit Allocation Income Trust,NYSE,2026-09-30
BUD,Anheuser-Busch Inbev SA Sponsored ADR (Belgium),NYSE,2026-09-30
BUI,"BlackRock Utility, Infrastructure & Power Opportunities Trust",NYSE,2026-09-30
BULL,Webull Corporation - Class A Ordinary Shares,NASDAQ,2026-09-30
BUR,Burford Capital Limited Ordinary Shares,NYSE,2026-09-30
BURL,"Burlington Stores, Inc. Common Stock",NYSE,2026-09-30
BUSE,First Busey Corporation - Common Stock,NASDAQ,2026-09-30
BUUU,BUUU Group Limited - Class A Ordinary Share,NASDAQ,2026-09-30
BV,"BrightView Holdings, Inc. Common Stock",NYSE,2026-09-30
BVN,Buenaventura Mining Company Inc.,NYSE,2026-09-30
BVS,Bioventus Inc. - Class A Common Stock,NASDAQ,2026-09-30
BW,"Babcock & Wilcox Enterprises, Inc. Common Stock",NYSE,2026-09-30
BWA,BorgWarner Inc. Common Stock,NYSE,2026-09-30
BWAY,BrainsWay Ltd. - American Depositary Shares,NASDAQ,2026-09-30
BWB,"Bridgewater Bancshares, Inc. - Common Stock",NASDAQ,2026-09-30
BWFG,"Bankwell Financial Group, Inc. - Common Stock",NASDAQ,2026-09-30
BWIN,"The Baldwin Insurance Group, Inc. - Class A Common Stock",NASDAQ,2026-09-30
BWLP,BW LPG Limited Common Shares,NYSE,2026-09-30
BWMN,Bowman Consulting Group Ltd. - Common Stock,NASDAQ,2026-09-30
BWMX,"Betterware de Mexico, S.A.P.I. de C.V. Ordinary Shares",NYSE,2026-09-30
BWXT,"BWX Technologies, Inc. Common Stock",NYSE,2026-09-30
BX,Blackstone Inc. Common Stock,NYSE,2026-09-30
BXC,Bluelinx Holdings Inc. Common Stock,NYSE,2026-09-30
BXDC,Blackstone Digital Infrastructure Trust Inc. Common Stock,NYSE,2026-09-30
BXMT,"Blackstone Mortgage Trust, Inc. Common Stock",NYSE,2026-09-30
BXP,"BXP, Inc. Common Stock",NYSE,2026-09-30
BY,"Byline Bancorp, Inc. Common Stock",NYSE,2026-09-30
BYD,Boyd Gaming Corporation Common Stock,NYSE,2026-09-30
BYND,"Beyond Meat, Inc. - Common stock",NASDAQ,2026-09-30
BYRN,"Byrna Technologies, Inc. - Common Stock",NASDAQ,2026-09-30
BZ,KANZHUN LIMITED - American Depository Shares,NASDAQ,2026-09-30
BZH,"Beazer Homes USA, Inc. Common Stock",NYSE,2026-09-30
C,"Citigroup, Inc. Common Stock",NYSE,2026-09-30
CAAP,Corporacion America Airports SA Common Shares,NYSE,2026-09-30
CABO,"Cable One, Inc. Common Stock",NYSE,2026-09-30
CAC,Camden National Corporation - Common Stock,NASDAQ,2026-09-30
CACC,Credit Acceptance Corporation - Common Stock,NASDAQ,2026-09-30
CACI,"CACI International, Inc. Class A Common Stock",NYSE,2026-09-30
CADL,"Candel Therapeutics, Inc. - Common Stock",NASDAQ,2026-09-30
CAE,CAE Inc - Common Shares,NASDAQ,2026-09-30
CAG,"ConAgra Brands, Inc. Common Stock",NYSE,2026-09-30
CAH,"Cardinal Health, Inc. Common Stock",NYSE,2026-09-30
CAI,"Caris Life Sciences, Inc. - Common Stock",NASDAQ,2026-09-30
CAKE,The Cheesecake Factory Incorporated - Common Stock,NASDAQ,2026-09-30
CAL,"Caleres, Inc. Common Stock",NYSE,2026-09-30
CALM,"Cal-Maine Foods, Inc. - Common Stock",NASDAQ,2026-09-30
CALX,"Calix, Inc Common Stock",NYSE,2026-09-30
CALY,Callaway Golf Company Common Stock,NYSE,2026-09-30
CAMP,CAMP4 Therapeutics Corporation - Common Stock,NASDAQ,2026-09-30
CAMT,Camtek Ltd. - Ordinary Shares,NASDAQ,2026-09-30
CANF,"Can-Fite Biopharma Ltd American Depositary Shares, each representing two (2) Ordinary Shares",AMEX,2026-09-30
CANG,Cango Inc. Class A Ordinary Shares,NYSE,2026-09-30
CAPR,"Capricor Therapeutics, Inc. - Common Stock",NASDAQ,2026-09-30
CAR,"Avis Budget Group, Inc. - Common Stock",NASDAQ,2026-09-30
CARE,"Carter Bankshares, Inc. - Common Stock",NASDAQ,2026-09-30
CARG,"CarGurus, Inc. - Class A Common Stock",NASDAQ,2026-09-30
CARL,"Carlsmed, Inc. - Common Stock",NASDAQ,2026-09-30
CARR,Carrier Global Corporation Common Stock,NYSE,2026-09-30
CARS,Cars.com Inc. Common Stock,NYSE,2026-09-30
CART,Maplebear Inc. - Common Stock,NASDAQ,2026-09-30
CASH,"Pathward Financial, Inc. - Common Stock",NASDAQ,2026-09-30
CASS,"Cass Information Systems, Inc - Common Stock",NASDAQ,2026-09-30
CASY,"Caseys General Stores, Inc. - Common Stock",NASDAQ,2026-09-30
CAT,"Caterpillar, Inc. Common Stock",NYSE,2026-09-30
CATX,"Perspective Therapeutics, Inc. Common Stock",AMEX,2026-09-30
CATY,Cathay General Bancorp - Common Stock,NASDAQ,2026-09-30
CAVA,"CAVA Group, Inc. Common Stock",NYSE,2026-09-30
CB,Chubb Limited  Common Stock,NYSE,2026-09-30
CBAN,"Colony Bankcorp, Inc. Common Stock",NYSE,2026-09-30
CBC,"Central Bancompany, Inc. - Class A Common Stock",NASDAQ,2026-09-30
CBIO,"Crescent Biopharma, Inc. - Common Stock",NASDAQ,2026-09-30
CBK,"Commercial Bancgroup, Inc. - Common Stock",NASDAQ,2026-09-30
CBL,"CBL & Associates Properties, Inc. Common Stock",NYSE,2026-09-30
CBLL,"CeriBell, Inc. - Common Stock",NASDAQ,2026-09-30
CBNK,"Capital Bancorp, Inc. - Common Stock",NASDAQ,2026-09-30
CBOE,"Cboe Global Markets, Inc. Common Stock",BATS,2026-09-30
CBRE,CBRE Group Inc Common Stock Class A,NYSE,2026-09-30
CBRL,"Cracker Barrel Old Country Store, Inc. - Common Stock",NASDAQ,2026-09-30
CBRS,Cerebras Systems Inc. - Class A Common Stock,NASDAQ,2026-09-30
CBSH,"Commerce Bancshares, Inc. - Common Stock",NASDAQ,2026-09-30
CBT,Cabot Corporation Common Stock,NYSE,2026-09-30
CBU,"Community Financial System, Inc. Common Stock",NYSE,2026-09-30
CBZ,"CBIZ, Inc. Common Stock",NYSE,2026-09-30
CC,Chemours Company (The) Common Stock,NYSE,2026-09-30
CCAP,"Crescent Capital BDC, Inc. - Common Stock",NASDAQ,2026-09-30
CCB,Coastal Financial Corporation - Common Stock,NASDAQ,2026-09-30
CCBG,Capital City Bank Group - Common Stock,NASDAQ,2026-09-30
CCC,CCC Intelligent Solutions Holdings Inc. - Common Stock,NASDAQ,2026-09-30
CCCC,"C4 Therapeutics, Inc. - Common Stock",NASDAQ,2026-09-30
CCEP,Coca-Cola Europacific Partners plc - Ordinary Shares,NASDAQ,2026-09-30
CCI,Crown Castle Inc. Common Stock,NYSE,2026-09-30
CCJ,Cameco Corporation Common Stock,NYSE,2026-09-30
CCK,"Crown Holdings, Inc.",NYSE,2026-09-30
CCL,Carnival Corporation Ltd. Common Shares,NYSE,2026-09-30
CCNE,CNB Financial Corporation - Common Stock,NASDAQ,2026-09-30
CCO,"Clear Channel Outdoor Holdings, Inc. Common Stock",NYSE,2026-09-30
CCOI,"Cogent Communications Holdings, Inc. - Common Stock",NASDAQ,2026-09-30
CCS,"Century Communities, Inc. Common Stock",NYSE,2026-09-30
CCSI,"Consensus Cloud Solutions, Inc. - Common Stock",NASDAQ,2026-09-30
CCU,"Compania Cervecerias Unidas, S.A. Common Stock",NYSE,2026-09-30
CCXI,Churchill Capital Corp XI - Class A Ordinary Shares,NASDAQ,2026-09-30
CDE,"Coeur Mining, Inc. Common Stock",NYSE,2026-09-30
CDLR,Cadeler A/S American Depositary Share (each representing four (4) Ordinary Shares),NYSE,2026-09-30
CDNA,"CareDx, Inc. - Common Stock",NASDAQ,2026-09-30
CDNL,Cardinal Infrastructure Group Inc. - Class A Common Stock,NASDAQ,2026-09-30
CDNS,"Cadence Design Systems, Inc. - Common Stock",NASDAQ,2026-09-30
CDP,COPT Defense Properties Common Shares of Beneficial Interest,NYSE,2026-09-30
CDRE,"Cadre Holdings, Inc. Common Stock",NYSE,2026-09-30
CDW,CDW Corporation - Common Stock,NASDAQ,2026-09-30
CDZI,"Cadiz, Inc. - Common Stock",NASDAQ,2026-09-30
CE,Celanese Corporation Common Stock,NYSE,2026-09-30
CECO,CECO Environmental Corp. - Common Stock,NASDAQ,2026-09-30
CEG,Constellation Energy Corporation - Common Stock When-Issued,NASDAQ,2026-09-30
CELC,Celcuity Inc. - Common Stock,NASDAQ,2026-09-30
CELH,"Celsius Holdings, Inc. - Common Stock",NASDAQ,2026-09-30
CENT,Central Garden & Pet Company - Common Stock,NASDAQ,2026-09-30
CENTA,Central Garden & Pet Company - Class A Common Stock Nonvoting,NASDAQ,2026-09-30
CENX,Century Aluminum Company - Common Stock,NASDAQ,2026-09-30
CEPF,"Cantor Equity Partners IV, Inc. - Class A Ordinary Shares",NASDAQ,2026-09-30
CEPL,"Capstone Energy Plus, Inc. - Common Stock",NASDAQ,2026-09-30
CEPU,Central Puerto S.A. American Depositary Shares (each represents ten Common Shares),NYSE,2026-09-30
CERS,Cerus Corporation - Common Stock,NASDAQ,2026-09-30
CERT,"Certara, Inc. - Common Stock",NASDAQ,2026-09-30
CET,Central Securities Corporation Common Stock,AMEX,2026-09-30
CEVA,"CEVA, Inc. - Common Stock",NASDAQ,2026-09-30
CF,"CF Industries Holdings, Inc. Common Stock",NYSE,2026-09-30
CFBK,CF Bankshares Inc. - Common Stock,NASDAQ,2026-09-30
CFFI,C&F Financial Corporation - Common Stock,NASDAQ,2026-09-30
CFFN,"Capitol Federal Financial, Inc. - Common Stock",NASDAQ,2026-09-30
CFG,"Citizens Financial Group, Inc. Common Stock",NYSE,2026-09-30
CFR,"Cullen/Frost Bankers, Inc. Common Stock",NYSE,2026-09-30
CG,The Carlyle Group Inc. - Common Stock,NASDAQ,2026-09-30
CGAU,Centerra Gold Inc. Common Shares,NYSE,2026-09-30
CGEM,"Cullinan Therapeutics, Inc. - Common Stock",NASDAQ,2026-09-30
CGNT,Cognyte Software Ltd. - Ordinary Shares,NASDAQ,2026-09-30
CGNX,Cognex Corporation - Common Stock,NASDAQ,2026-09-30
CGON,"CG Oncology, Inc. - Common stock",NASDAQ,2026-09-30
CHA,"Chagee Holdings Limited - American Depositary Shares, each representing 1 Class A ordinary share",NASDAQ,2026-09-30
CHCO,City Holding Company - Common Stock,NASDAQ,2026-09-30
CHCT,Community Healthcare Trust Incorporated Common Stock,NYSE,2026-09-30
CHD,"Church & Dwight Company, Inc. Common Stock",NYSE,2026-09-30
CHDN,"Churchill Downs, Incorporated - Common Stock",NASDAQ,2026-09-30
CHE,Chemed Corp,NYSE,2026-09-30
CHEF,"The Chefs' Warehouse, Inc. - Common Stock",NASDAQ,2026-09-30
CHGA,Change Agents Corporation  - Common Stock,NASDAQ,2026-09-30
CHH,"Choice Hotels International, Inc. Common Stock",NYSE,2026-09-30
CHKP,Check Point Software Technologies Ltd. - Ordinary Shares,NASDAQ,2026-09-30
CHMG,Chemung Financial Corp  - Common Stock,NASDAQ,2026-09-30
CHPT,"ChargePoint Holdings, Inc. Common Stock",NYSE,2026-09-30
CHRD,Chord Energy Corporation - Common Stock,NASDAQ,2026-09-30
CHRN,ChronoScale Holdings Corporation - Common Stock,NASDAQ,2026-09-30
CHRW,"C.H. Robinson Worldwide, Inc. - Common Stock",NASDAQ,2026-09-30
CHT,"Chunghwa Telecom Co., Ltd.",NYSE,2026-09-30
CHTR,"Charter Communications, Inc. - Class A Common Stock",NASDAQ,2026-09-30
CHWY,"Chewy, Inc. Class A Common Stock",NYSE,2026-09-30
CHYM,"Chime Financial, Inc. - Class A Common Stock",NASDAQ,2026-09-30
CI,The Cigna Group Common Stock,NYSE,2026-09-30
CIEN,Ciena Corporation Common Stock,NYSE,2026-09-30
CIFR,Cipher Digital Inc. - Common Stock,NASDAQ,2026-09-30
CIG,Comp En De Mn Cemig ADS American Depositary Shares,NYSE,2026-09-30
CIGI,Colliers International Group Inc.  - Subordinate Voting Shares,NASDAQ,2026-09-30
CIM,Chimera Investment Corporation Common Stock,NYSE,2026-09-30
CINF,Cincinnati Financial Corporation - Common Stock,NASDAQ,2026-09-30
CION,CION Investment Corporation Common Stock,NYSE,2026-09-30
CIVB,"Civista Bancshares, Inc.  - Common Stock",NASDAQ,2026-09-30
CIX,CompX International Inc. Common Stock,AMEX,2026-09-30
CL,Colgate-Palmolive Company Common Stock,NYSE,2026-09-30
CLB,Core Laboratories Inc. Common Stock,NYSE,2026-09-30
CLBK,"Columbia Financial, Inc. - Common Stock",NASDAQ,2026-09-30
CLBT,Cellebrite DI Ltd. - Ordinary Shares,NASDAQ,2026-09-30
CLDT,Chatham Lodging Trust (REIT) Common Shares of Beneficial Interest,NYSE,2026-09-30
CLDX,"Celldex Therapeutics, Inc. - Common Stock",NASDAQ,2026-09-30
CLF,Cleveland-Cliffs Inc. Common Stock,NYSE,2026-09-30
CLFD,"Clearfield, Inc. - Common Stock",NASDAQ,2026-09-30
CLH,"Clean Harbors, Inc. Common Stock",NYSE,2026-09-30
CLMB,"Climb Global Solutions, Inc. - Common Stock",NASDAQ,2026-09-30
CLMT,"Calumet, Inc - Common Stock",NASDAQ,2026-09-30
CLOV,"Clover Health Investments, Corp.  - Class A Common stock",NASDAQ,2026-09-30
CLPT,ClearPoint Neuro Inc. - Common Stock,NASDAQ,2026-09-30
CLRO,"ClearOne, Inc. - Common Stock",NASDAQ,2026-09-30
CLS,"Celestica, Inc. Common Stock",NYSE,2026-09-30
CLSK,"CleanSpark, Inc. - Common Stock",NASDAQ,2026-09-30
CLW,Clearwater Paper Corporation Common Stock,NYSE,2026-09-30
CLX,Clorox Company (The) Common Stock,NYSE,2026-09-30
CLYM,"Climb Bio, Inc. - Common Stock",NASDAQ,2026-09-30
CM,Canadian Imperial Bank of Commerce Common Stock,NYSE,2026-09-30
CMBT,CMB.TECH NV Ordinary Shares,NYSE,2026-09-30
CMC,Commercial Metals Company Common Stock,NYSE,2026-09-30
CMCL,Caledonia Mining Corporation Plc Common Shares,AMEX,2026-09-30
CMCO,Columbus McKinnon Corporation - Common Stock,NASDAQ,2026-09-30
CMCSA,Comcast Corporation - Class A Common Stock,NASDAQ,2026-09-30
CMCT,Creative Media  - Common Stock,NASDAQ,2026-09-30
CMDB,Costamare Bulkers Holdings Limited Common Stock,NYSE,2026-09-30
CME,CME Group Inc. - Class A Common Stock,NASDAQ,2026-09-30
CMG,"Chipotle Mexican Grill, Inc. Common Stock",NYSE,2026-09-30
CMI,Cummins Inc. Common Stock,NYSE,2026-09-30
CMP,Compass Minerals Intl Inc Common Stock,NYSE,2026-09-30
CMPR,Cimpress plc - Ordinary Shares,NASDAQ,2026-09-30
CMPS,COMPASS Pathways Plc - American Depository Shares,NASDAQ,2026-09-30
CMRC,"Commerce.com, Inc. - Series 1 Common Stock",NASDAQ,2026-09-30
CMRE,Costamare Inc. Common Stock $0.0001 par value,NYSE,2026-09-30
CMS,CMS Energy Corporation Common Stock,NYSE,2026-09-30
CMTV,Community Bancorp.  - Common stock,NASDAQ,2026-09-30
CNA,CNA Financial Corporation Common Stock,NYSE,2026-09-30
CNC,Centene Corporation Common Stock,NYSE,2026-09-30
CNET,ZW Data Action Technologies Inc. - Common Stock,NASDAQ,2026-09-30
CNH,CNH Industrial N.V. Common Shares,NYSE,2026-09-30
CNI,Canadian National Railway Company Common Stock,NYSE,2026-09-30
CNK,"Cinemark Holdings Inc Cinemark Holdings, Inc. Common Stock",NYSE,2026-09-30
CNL,Collective Mining Ltd. - Common Stock,NASDAQ,2026-09-30
CNM,"Core & Main, Inc. Class A Common Stock",NYSE,2026-09-30
CNMD,CONMED Corporation Common Stock,NYSE,2026-09-30
CNNE,"Cannae Holdings, Inc. Common Stock",NYSE,2026-09-30
CNO,"CNO Financial Group, Inc. Common Stock",NYSE,2026-09-30
CNOB,"ConnectOne Bancorp, Inc. - Common Stock",NASDAQ,2026-09-30
CNP,"CenterPoint Energy, Inc (Holding Co) Common Stock",NYSE,2026-09-30
CNQ,Canadian Natural Resources Limited Common Stock,NYSE,2026-09-30
CNR,"Core Natural Resources, Inc. Common Stock",NYSE,2026-09-30
CNS,Cohen & Steers Inc Common Stock,NYSE,2026-09-30
CNTN,"Canton Strategic Holdings, Inc. - Common Stock",NASDAQ,2026-09-30
CNX,CNX Resources Corporation Common Stock,NYSE,2026-09-30
CNXC,Concentrix Corporation - Common Stock,NASDAQ,2026-09-30
CNXN,"PC Connection, Inc. - Common Stock",NASDAQ,2026-09-30
COAG,"Hemab Therapeutics Holdings, Inc. - Common Stock",NASDAQ,2026-09-30
COCO,"The Vita Coco Company, Inc. - Common Stock",NASDAQ,2026-09-30
CODA,"Coda Octopus Group, Inc. - Common stock",NASDAQ,2026-09-30
CODI,D/B/A Compass Diversified Holdings Shares of Beneficial Interest,NYSE,2026-09-30
COF,Capital One Financial Corporation Common Stock,NYSE,2026-09-30
COFS,"ChoiceOne Financial Services, Inc. - Common Stock",NASDAQ,2026-09-30
COGT,"Cogent Biosciences, Inc. - Common Stock",NASDAQ,2026-09-30
COHR,Coherent Corp. Common Stock,NYSE,2026-09-30
COHU,"Cohu, Inc. - Common Stock",NASDAQ,2026-09-30
COIN,"Coinbase Global, Inc. - Class A Common Stock",NASDAQ,2026-09-30
COKE,"Coca-Cola Consolidated, Inc. - Common Stock",NASDAQ,2026-09-30
COLB,"Columbia Banking System, Inc. - Common Stock",NASDAQ,2026-09-30
COLD,"Americold Realty Trust, Inc. Common Stock",NYSE,2026-09-30
COLL,"Collegium Pharmaceutical, Inc. - Common Stock",NASDAQ,2026-09-30
COLM,Columbia Sportswear Company - Common Stock,NASDAQ,2026-09-30
COMP,"Compass, Inc. Class A Common Stock",NYSE,2026-09-30
CON,"Concentra Group Holdings Parent, Inc. Common Stock",NYSE,2026-09-30
COO,"The Cooper Companies, Inc.  - Common Stock",NASDAQ,2026-09-30
COOK,"Traeger, Inc. Common Stock",NYSE,2026-09-30
COP,ConocoPhillips Common Stock,NYSE,2026-09-30
COR,"Cencora, Inc. Common Stock",NYSE,2026-09-30
CORT,Corcept Therapeutics Incorporated - Common Stock,NASDAQ,2026-09-30
CORZ,"Core Scientific, Inc. - Common Stock",NASDAQ,2026-09-30
COSO,"CoastalSouth Bancshares, Inc. Common Stock",NYSE,2026-09-30
COST,Costco Wholesale Corporation - Common Stock,NASDAQ,2026-09-30
COTY,Coty Inc. Class A Common Stock,NYSE,2026-09-30
COUR,"Coursera, Inc. Common Stock",NYSE,2026-09-30
CP,Canadian Pacific Kansas City Limited Common Shares,NYSE,2026-09-30
CPA,"Copa Holdings, S.A. Class A Common Stock",NYSE,2026-09-30
CPAY,"Corpay, Inc. Common Stock",NYSE,2026-09-30
CPB,The Campbell's Company - Common Stock,NASDAQ,2026-09-30
CPF,Central Pacific Financial Corp New,NYSE,2026-09-30
CPK,Chesapeake Utilities Corporation Common Stock,NYSE,2026-09-30
CPNG,"Coupang, Inc. Class A Common Stock",NYSE,2026-09-30
CPOP,"Pop Culture Group Co., Ltd - Class A Ordinary Shares",NASDAQ,2026-09-30
CPRI,Capri Holdings Limited Ordinary Shares,NYSE,2026-09-30
CPRT,"Copart, Inc. - Common Stock",NASDAQ,2026-09-30
CPS,Cooper-Standard Holdings Inc. Common Stock,NYSE,2026-09-30
CPT,Camden Property Trust Common Stock,NYSE,2026-09-30
CR,Crane Company Common Stock,NYSE,2026-09-30
CRAI,"CRA International,Inc. - Common Stock",NASDAQ,2026-09-30
CRBG,Corebridge Financial Inc. Common Stock,NYSE,2026-09-30
CRBP,"Corbus Pharmaceuticals Holdings, Inc. - Common Stock",NASDAQ,2026-09-30
CRC,California Resources Corporation Common Stock,NYSE,2026-09-30
CRCL,"Circle Internet Group, Inc. Class A Common Stock",NYSE,2026-09-30
CRCT,"Cricut, Inc. - Class A common stock",NASDAQ,2026-09-30
CRD-A,Crawford & Company Common Stock,NYSE,2026-09-30
CRDO,Credo Technology Group Holding Ltd - Ordinary Shares,NASDAQ,2026-09-30
CRESY,"Cresud S.A.C.I.F. y A. - American Depositary Shares, each representing ten shares of Common Stock",NASDAQ,2026-09-30
CRGY,Crescent Energy Company Class A Common Stock,NYSE,2026-09-30
CRH,CRH PLC Ordinary Shares,NYSE,2026-09-30
CRI,"Carter's, Inc. Common Stock",NYSE,2026-09-30
CRK,"Comstock Resources, Inc. Common Stock",NYSE,2026-09-30
CRL,"Charles River Laboratories International, Inc. Common Stock",NYSE,2026-09-30
CRM,"Salesforce, Inc. Common Stock",NYSE,2026-09-30
CRMD,CorMedix Inc. - Common Stock,NASDAQ,2026-09-30
CRML,Critical Metals Corp. - Ordinary Shares,NASDAQ,2026-09-30
CRNC,Cerence Inc. - Common Stock,NASDAQ,2026-09-30
CRON,Cronos Group Inc. - Common Share,NASDAQ,2026-09-30
CROX,"Crocs, Inc. - Common Stock",NASDAQ,2026-09-30
CRS,Carpenter Technology Corporation Common Stock,NYSE,2026-09-30
CRSP,CRISPR Therapeutics AG - Common Shares,NASDAQ,2026-09-30
CRSR,"Corsair Gaming, Inc. - Common Stock",NASDAQ,2026-09-30
CRTO,Criteo S.A. - Ordinary Shares,NASDAQ,2026-09-30
CRUS,"Cirrus Logic, Inc. - Common Stock",NASDAQ,2026-09-30
CRVL,CorVel Corp. - Common Stock,NASDAQ,2026-09-30
CRVS,"Corvus Pharmaceuticals, Inc. - Common Stock",NASDAQ,2026-09-30
CRWD,"CrowdStrike Holdings, Inc. - Class A Common Stock",NASDAQ,2026-09-30
CRWV,"CoreWeave, Inc. - Class A Common Stock",NASDAQ,2026-09-30
CSCO,"Cisco Systems, Inc. - Common Stock",NASDAQ,2026-09-30
CSGP,"CoStar Group, Inc. - Common Stock",NASDAQ,2026-09-30
CSHR,CoinShares PLC - Ordinary Shares,NASDAQ,2026-09-30
CSIQ,Canadian Solar Inc. - Common Shares,NASDAQ,2026-09-30
CSL,Carlisle Companies Incorporated Common Stock,NYSE,2026-09-30
CSQR,"Csquare, Inc. Common Stock",NYSE,2026-09-30
CSR,D/B/A Centerspace Common Stock,NYSE,2026-09-30
CSTL,"Castle Biosciences, Inc. - Common stock",NASDAQ,2026-09-30
CSTM,Constellium SE Ordinary Shares (France),NYSE,2026-09-30
CSV,"Carriage Services, Inc. Common Stock",NYSE,2026-09-30
CSW,"CSW Industrials, Inc. Common Stock",NYSE,2026-09-30
CSWC,Capital Southwest Corporation - Common Stock,NASDAQ,2026-09-30
CSX,CSX Corporation - Common Stock,NASDAQ,2026-09-30
CTAS,Cintas Corporation - Common Stock,NASDAQ,2026-09-30
CTBI,"Community Trust Bancorp, Inc. - Common Stock",NASDAQ,2026-09-30
CTEV,Claritev Corporation Class A Common Stock,NYSE,2026-09-30
CTGO,Contango Silver & Gold Inc. Common Stock,AMEX,2026-09-30
CTKB,"Cytek Biosciences, Inc. - Common Stock",NASDAQ,2026-09-30
CTMX,"CytomX Therapeutics, Inc. - Common Stock",NASDAQ,2026-09-30
CTNM,"Contineum Therapeutics, Inc. - Common stock",NASDAQ,2026-09-30
CTNT,Cheetah Net Supply Chain Service Inc. - Class A Common Stock,NASDAQ,2026-09-30
CTO,"CTO Realty Growth, Inc. Common Stock",NYSE,2026-09-30
CTOS,"Custom Truck One Source, Inc. Common Stock",NYSE,2026-09-30
CTRE,"CareTrust REIT, Inc. Common Stock",NYSE,2026-09-30
CTRI,"Centuri Holdings, Inc. Common Stock",NYSE,2026-09-30
CTRN,"Citi Trends, Inc. - Common Stock",NASDAQ,2026-09-30
CTS,CTS Corporation Common Stock,NYSE,2026-09-30
CTSH,Cognizant Technology Solutions Corporation - Class A Common Stock,NASDAQ,2026-09-30
CTVA,"Corteva, Inc. Common Stock",NYSE,2026-09-30
CUBE,CubeSmart Common Shares,NYSE,2026-09-30
CUBI,"Customers Bancorp, Inc Common Stock",NYSE,2026-09-30
CUE,"Cue Biopharma, Inc. - Common Stock",NASDAQ,2026-09-30
CURB,Curbline Properties Corp. Common Stock,NYSE,2026-09-30
CURI,CuriosityStream Inc.  - Class A Common Stock,NASDAQ,2026-09-30
CURR,Currenc Group Inc. - Ordinary Shares,NASDAQ,2026-09-30
CURV,Torrid Holdings Inc. Common Stock,NYSE,2026-09-30
CUZ,Cousins Properties Incorporated Common Stock,NYSE,2026-09-30
CV,"CapsoVision, Inc. - Common Stock",NASDAQ,2026-09-30
CVBF,CVB Financial Corporation - Common Stock,NASDAQ,2026-09-30
CVCO,"Cavco Industries, Inc. - Common Stock",NASDAQ,2026-09-30
CVE,Cenovus Energy Inc Common Stock,NYSE,2026-09-30
CVEO,Civeo Corporation (Canada) Common Shares,NYSE,2026-09-30
CVI,CVR Energy Inc. Common Stock,NYSE,2026-09-30
CVLG,"Covenant Logistics Group, Inc. Class A Common Stock",NYSE,2026-09-30
CVLT,"Commvault Systems, Inc. - Common Stock",NASDAQ,2026-09-30
CVNA,Carvana Co. Class A Common Stock,NYSE,2026-09-30
CVS,CVS Health Corporation Common Stock,NYSE,2026-09-30
CVSA,Covista Inc. Common Shares,NYSE,2026-09-30
CVX,Chevron Corporation Common Stock,NYSE,2026-09-30
CW,Curtiss-Wright Corporation Common Stock,NYSE,2026-09-30
CWBC,Community West Bancshares - Common Stock,NASDAQ,2026-09-30
CWCO,Consolidated Water Co. Ltd. - Ordinary Shares,NASDAQ,2026-09-30
CWEN,"Clearway Energy, Inc. Class C Common Stock",NYSE,2026-09-30
CWH,"Camping World Holdings, Inc. Class A Common Stock",NYSE,2026-09-30
CWK,Cushman & Wakefield Ltd. Common Shares,NYSE,2026-09-30
CWST,"Casella Waste Systems, Inc. - Class A Common Stock",NASDAQ,2026-09-30
CWT,California Water Service Group Common Stock,NYSE,2026-09-30
CX,"Cemex, S.A.B. de C.V. Sponsored ADR",NYSE,2026-09-30
CXDO,"Crexendo, Inc. - Common Stock",NASDAQ,2026-09-30
CXM,"Sprinklr, Inc. Class A Common Stock",NYSE,2026-09-30
CXT,"Crane NXT, Co. Common Stock",NYSE,2026-09-30
CXW,"CoreCivic, Inc. Common Stock",NYSE,2026-09-30
CYD,China Yuchai International Limited Common Stock,NYSE,2026-09-30
CYH,"Community Health Systems, Inc. Common Stock",NYSE,2026-09-30
CYPH,Cypherpunk Technologies Inc. - Common Stock,NASDAQ,2026-09-30
CYRX,"CryoPort, Inc. - Common Stock",NASDAQ,2026-09-30
CYTK,"Cytokinetics, Incorporated - Common Stock",NASDAQ,2026-09-30
CZFS,"Citizens Financial Services, Inc. - Common Stock",NASDAQ,2026-09-30
CZNC,Citizens & Northern Corp - Common Stock,NASDAQ,2026-09-30
CZR,"Caesars Entertainment, Inc. - Common Stock",NASDAQ,2026-09-30
CZWI,"Citizens Community Bancorp, Inc. - Common Stock",NASDAQ,2026-09-30
D,"Dominion Energy, Inc. Common Stock",NYSE,2026-09-30
DAC,Danaos Corporation Common Stock,NYSE,2026-09-30
DAIC,"CID HoldCo, Inc. - Common Stock",NASDAQ,2026-09-30
DAKT,"Daktronics, Inc. - Common Stock",NASDAQ,2026-09-30
DAL,"Delta Air Lines, Inc. Common Stock",NYSE,2026-09-30
DAN,Dana Incorporated Common Stock,NYSE,2026-09-30
DAR,Darling Ingredients Inc. Common Stock,NYSE,2026-09-30
DASH,"DoorDash, Inc. - Common Stock",NASDAQ,2026-09-30
DAVE,Dave Inc.  - Class A Common Stock,NASDAQ,2026-09-30
DB,Deutsche Bank AG Common Stock,NYSE,2026-09-30
DBD,Diebold Nixdorf Incorporated Common stock,NYSE,2026-09-30
DBGI,"Digital Brands Group, Inc. - Common Stock",NASDAQ,2026-09-30
DBI,Designer Brands Inc. Class A Common Stock,NYSE,2026-09-30
DBVT,DBV Technologies S.A. - American Depositary Shares,NASDAQ,2026-09-30
DBX,"Dropbox, Inc. - Class A Common Stock",NASDAQ,2026-09-30
DC,Dakota Gold Corp. Common Stock,AMEX,2026-09-30
DCH,Dauch Corporation Common Stock,NYSE,2026-09-30
DCI,"Donaldson Company, Inc. Common Stock",NYSE,2026-09-30
DCO,Ducommun Incorporated Common Stock,NYSE,2026-09-30
DCOM,"Dime Commercial Bancshares, Inc. Common Stock",NYSE,2026-09-30
DCTH,"Delcath Systems, Inc. - Common Stock",NASDAQ,2026-09-30
DCX,Digital Currency X Technology Inc. - Class A Ordinary Shares,NASDAQ,2026-09-30
DD,"DuPont de Nemours, Inc. Common Stock",NYSE,2026-09-30
DDD,3D Systems Corporation Common Stock,NYSE,2026-09-30
DDI,"DoubleDown Interactive Co., Ltd. - American Depository Shares",NASDAQ,2026-09-30
DDOG,"Datadog, Inc. - Class A Common Stock",NASDAQ,2026-09-30
DDS,"Dillard's, Inc. Common Stock",NYSE,2026-09-30
DE,Deere & Company Common Stock,NYSE,2026-09-30
DEA,"Easterly Government Properties, Inc. Common Stock",NYSE,2026-09-30
DEC,Diversified Energy Company Common Stock,NYSE,2026-09-30
DECK,Deckers Outdoor Corporation Common Stock,NYSE,2026-09-30
DEI,"Douglas Emmett, Inc. Common Stock",NYSE,2026-09-30
DELL,Dell Technologies Inc. Class C Common Stock,NYSE,2026-09-30
DEO,Diageo plc Common Stock,NYSE,2026-09-30
DERM,Journey Medical Corporation - Common Stock,NASDAQ,2026-09-30
DFDV,DeFi Development Corp. - Common Stock,NASDAQ,2026-09-30
DFH,"Dream Finders Homes, Inc. Class A Common Stock",NYSE,2026-09-30
DFIN,"Donnelley Financial Solutions, Inc. Common Stock",NYSE,2026-09-30
DFNS,T3 Defense Inc. - Common Stock,NASDAQ,2026-09-30
DFTX,"Definium Therapeutics, Inc.  - Common Shares",NASDAQ,2026-09-30
DG,Dollar General Corporation Common Stock,NYSE,2026-09-30
DGICA,"Donegal Group, Inc. - Class A Common Stock",NASDAQ,2026-09-30
DGII,Digi International Inc. - Common Stock,NASDAQ,2026-09-30
DGP,"DB Gold Double Long ETN due February 15, 2038",ARCA,2026-09-30
DGX,Quest Diagnostics Incorporated Common Stock,NYSE,2026-09-30
DGXX,Digi Power X Inc. - Common Subordinate Voting Shares,NASDAQ,2026-09-30
DHC,Diversified Healthcare Trust  - Common Shares of Beneficial Interest,NASDAQ,2026-09-30
DHI,"D.R. Horton, Inc. Common Stock",NYSE,2026-09-30
DHR,Danaher Corporation Common Stock,NYSE,2026-09-30
DHT,"DHT Holdings, Inc.",NYSE,2026-09-30
DHX,"DHI Group, Inc. Common Stock",NYSE,2026-09-30
DIN,"Dine Brands Global, Inc. Common Stock",NYSE,2026-09-30
DINO,HF Sinclair Corporation Common Stock,NYSE,2026-09-30
DIOD,Diodes Incorporated - Common Stock,NASDAQ,2026-09-30
DIS,Walt Disney Company (The) Common Stock,NYSE,2026-09-30
DJCO,Daily Journal Corp. (S.C.) - Common Stock,NASDAQ,2026-09-30
DJP,iPath Bloomberg Commodity Index Total Return ETN,ARCA,2026-09-30
DJT,Trump Media & Technology Group Corp. - Common Stock,NASDAQ,2026-09-30
DK,"Delek US Holdings, Inc. Common Stock",NYSE,2026-09-30
DKNG,DraftKings Inc. - Class A Common Stock,NASDAQ,2026-09-30
DKS,Dick's Sporting Goods Inc Common Stock,NYSE,2026-09-30
DLB,Dolby Laboratories Common Stock,NYSE,2026-09-30
DLO,DLocal Limited - Class A Common Shares,NASDAQ,2026-09-30
DLR,"Digital Realty Trust, Inc. Common Stock",NYSE,2026-09-30
DLTH,Duluth Holdings Inc. - Class B Common Stock,NASDAQ,2026-09-30
DLTR,"Dollar Tree, Inc. - Common Stock",NASDAQ,2026-09-30
DLX,Deluxe Corporation Common Stock,NYSE,2026-09-30
DLXY,Delixy Holdings Limited - Class A Ordinary Shares,NASDAQ,2026-09-30
DMAC,DiaMedica Therapeutics Inc. - Common Stock,NASDAQ,2026-09-30
DMC,Del Monte Corporation Ordinary Shares,NYSE,2026-09-30
DMRA,"Damora Therapeutics, Inc. - Ordinary Shares",NASDAQ,2026-09-30
DNA,"Ginkgo Bioworks Holdings, Inc. Class A Common Stock",NYSE,2026-09-30
DNLI,Denali Therapeutics Inc. - Common Stock,NASDAQ,2026-09-30
DNN,Denison Mines Corp Ordinary Shares (Canada),AMEX,2026-09-30
DNOW,DNOW Inc. Common Stock,NYSE,2026-09-30
DNTH,"Dianthus Therapeutics, Inc. - Common Stock",NASDAQ,2026-09-30
DNUT,"Krispy Kreme, Inc. - Common Stock",NASDAQ,2026-09-30
DOC,"Healthpeak Properties, Inc. Common Stock",NYSE,2026-09-30
DOCN,"DigitalOcean Holdings, Inc. Common Stock",NYSE,2026-09-30
DOCS,"Doximity, Inc. Class A Common Stock",NYSE,2026-09-30
DOCU,"DocuSign, Inc. - Common Stock",NASDAQ,2026-09-30
DOLE,Dole plc Ordinary Shares,NYSE,2026-09-30
DOO,BRP Inc. - Common Subordinate Voting Shares,NASDAQ,2026-09-30
DORM,"Dorman Products, Inc. - Common Stock",NASDAQ,2026-09-30
DOV,Dover Corporation Common Stock,NYSE,2026-09-30
DOW,Dow Inc. Common Stock,NYSE,2026-09-30
DOX,Amdocs Limited - Ordinary Shares,NASDAQ,2026-09-30
DPC,DPC Holdings PLC Ordinary Shares,NYSE,2026-09-30
DPRO,Draganfly Inc. - Common Shares,NASDAQ,2026-09-30
DPZ,Domino's Pizza Inc - Common Stock,NASDAQ,2026-09-30
DQ,"DAQO New Energy Corp. American Depositary Shares, each representing five ordinary shares",NYSE,2026-09-30
DRD,DRDGOLD Limited American Depositary Shares,NYSE,2026-09-30
DRH,Diamondrock Hospitality Company - Common Stock,NASDAQ,2026-09-30
DRI,"Darden Restaurants, Inc. Common Stock",NYSE,2026-09-30
DRK,DarkHorse Technologies Inc. - Common Shares,NASDAQ,2026-09-30
DRS,"Leonardo DRS, Inc. - Common Stock",NASDAQ,2026-09-30
DRTS,Alpha Tau Medical Ltd. - Ordinary Shares,NASDAQ,2026-09-30
DRUG,Bright Minds Biosciences Inc. - common stock,NASDAQ,2026-09-30
DRVN,Driven Brands Holdings Inc. - Common Stock,NASDAQ,2026-09-30
DSGN,"Design Therapeutics, Inc. - Common Stock",NASDAQ,2026-09-30
DSGR,"Distribution Solutions Group, Inc. - Common Stock",NASDAQ,2026-09-30
DSGX,The Descartes Systems Group Inc. - Common Stock,NASDAQ,2026-09-30
DSP,Viant Technology Inc. - common stock,NASDAQ,2026-09-30
DSX,Diana Shipping inc. common stock,NYSE,2026-09-30
DT,"Dynatrace, Inc. Common Stock",NYSE,2026-09-30
DTE,DTE Energy Company Common Stock,NYSE,2026-09-30
DTIL,"Precision BioSciences, Inc. - Common Stock",NASDAQ,2026-09-30
DTM,"DT Midstream, Inc. Common Stock",NYSE,2026-09-30
DUK,Duke Energy Corporation (Holding Company) Common Stock,NYSE,2026-09-30
DUOL,"Duolingo, Inc. - Class A Common Stock",NASDAQ,2026-09-30
DUOT,"Duos Technologies Group, Inc. - Common Stock",NASDAQ,2026-09-30
DV,"DoubleVerify Holdings, Inc. Common Stock",NYSE,2026-09-30
DVA,DaVita Inc. Common Stock,NYSE,2026-09-30
DVN,Devon Energy Corporation Common Stock,NYSE,2026-09-30
DX,"Dynex Capital, Inc. Common Stock",NYSE,2026-09-30
DXC,DXC Technology Company Common Stock,NYSE,2026-09-30
DXCM,"DexCom, Inc. - Common Stock",NASDAQ,2026-09-30
DXPE,"DXP Enterprises, Inc. - Common Stock",NASDAQ,2026-09-30
DXST,Decent Holding Inc. - Class A Ordinary Shares,NASDAQ,2026-09-30
DXYZ,Destiny Tech100 Inc. Common Stock,NYSE,2026-09-30
DY,"Dycom Industries, Inc. Common Stock",NYSE,2026-09-30
DYN,"Dyne Therapeutics, Inc. - Common Stock",NASDAQ,2026-09-30
E,ENI S.p.A. Common Stock,NYSE,2026-09-30
EAF,GrafTech International Ltd. Common Stock,NYSE,2026-09-30
EARN,Ellington Credit Company Common Shares of Beneficial Interest,NYSE,2026-09-30
EAT,"Brinker International, Inc. Common Stock",NYSE,2026-09-30
EBAY,eBay Inc. - Common Stock,NASDAQ,2026-09-30
EBC,"Eastern Bankshares, Inc. - Common Stock",NASDAQ,2026-09-30
EBF,"Ennis, Inc. Common Stock",NYSE,2026-09-30
EBS,Emergent BioSolutions Inc. Common Stock,NYSE,2026-09-30
EC,Ecopetrol S.A. American Depositary Shares,NYSE,2026-09-30
ECAT,BlackRock ESG Capital Allocation Term Trust Common Shares of Beneficial Interest,NYSE,2026-09-30
ECC,Eagle Point Credit Company Common Share of Beneficial Interest,NYSE,2026-09-30
ECG,"Everus Construction Group, Inc. Common Stock",NYSE,2026-09-30
ECHO,EchoStar Corporation - Common stock,NASDAQ,2026-09-30
ECL,Ecolab Inc. Common Stock,NYSE,2026-09-30
ECO,Okeanis Eco Tankers Corp. Common Stock,NYSE,2026-09-30
ECPG,Encore Capital Group Inc - Common Stock,NASDAQ,2026-09-30
ECVT,Ecovyst Inc. Common Stock,NYSE,2026-09-30
ED,"Consolidated Edison, Inc. Common Stock",NYSE,2026-09-30
EDHL,Everbright Digital Holding Limited - Ordinary Shares,NASDAQ,2026-09-30
EDIT,"Editas Medicine, Inc. - Common Stock",NASDAQ,2026-09-30
EDN,Empresa Distribuidora Y Comercializadora Norte S.A. (Edenor) American Depositary Shares,NYSE,2026-09-30
EDRY,EuroDry Ltd. - Common Shares,NASDAQ,2026-09-30
EDU,"New Oriental Education & Technology Group, Inc. Sponsored ADR representing 10 Ordinary Share (Cayman Islands)",NYSE,2026-09-30
EE,"Excelerate Energy, Inc. Class A Common Stock",NYSE,2026-09-30
EEFT,"Euronet Worldwide, Inc. - Common Stock",NASDAQ,2026-09-30
EFC,Ellington Financial Inc. Common Stock,NYSE,2026-09-30
EFOR,"Everforth, Inc. Common Stock",NYSE,2026-09-30
EFSC,Enterprise Financial Services Corporation - Common Stock,NASDAQ,2026-09-30
EFSI,Eagle Financial Services Inc - Common Stock,NASDAQ,2026-09-30
EFT,Eaton Vance Floating Rate Income Trust Common Shares of Beneficial Interest,NYSE,2026-09-30
EFX,"Equifax, Inc. Common Stock",NYSE,2026-09-30
EFXT,Enerflex Ltd Common Shares,NYSE,2026-09-30
EG,"Everest Group, Ltd. Common Stock",NYSE,2026-09-30
EGAN,eGain Corporation - Common Stock,NASDAQ,2026-09-30
EGBN,"Eagle Bancorp, Inc. - Common Stock",NASDAQ,2026-09-30
EGG,Enigmatig Limited Class A Ordinary Shares,AMEX,2026-09-30
EGHT,8x8 Inc - Common stock,NASDAQ,2026-09-30
EGO,Eldorado Gold Corporation Ordinary Shares,NYSE,2026-09-30
EGP,"EastGroup Properties, Inc. Common Stock",NYSE,2026-09-30
EGY,"VAALCO Energy, Inc.  Common Stock",NYSE,2026-09-30
EH,EHang Holdings Limited - ADS,NASDAQ,2026-09-30
EHC,Encompass Health Corporation Common Stock,NYSE,2026-09-30
EIG,Employers Holdings Inc Common Stock,NYSE,2026-09-30
EIKN,"Eikon Therapeutics, Inc. - Common Stock",NASDAQ,2026-09-30
EIX,Edison International Common Stock,NYSE,2026-09-30
EL,"Estee Lauder Companies, Inc. (The) Common Stock",NYSE,2026-09-30
ELA,Envela Corporation Common Stock,AMEX,2026-09-30
ELAN,Elanco Animal Health Incorporated Common Stock,NYSE,2026-09-30
ELDN,"Eledon Pharmaceuticals, Inc. - Common Stock",NASDAQ,2026-09-30
ELE,Elemental Royalty Corporation - Common Stock,NASDAQ,2026-09-30
ELF,"e.l.f. Beauty, Inc. Common Stock",NYSE,2026-09-30
ELMD,"Electromed, Inc. Common Stock",AMEX,2026-09-30
ELMT,The Elmet Group Co. - Common Stock,NASDAQ,2026-09-30
ELPC,Companhia Paranaense de Energia (COPEL) American Depositary Shares (each representing four (4) Common Shares),NYSE,2026-09-30
ELPW,Elong Power Holding Limited - Class A Ordinary Shares,NASDAQ,2026-09-30
ELS,"Equity Lifestyle Properties, Inc. Common Stock",NYSE,2026-09-30
ELV,"Elevance Health, Inc. Common Stock",NYSE,2026-09-30
ELVA,Electrovaya Inc. - Common Shares,NASDAQ,2026-09-30
ELVN,"Enliven Therapeutics, Inc.  - Common Stock",NASDAQ,2026-09-30
ELVR,Elevra Lithium Limited - American Depository Shares,NASDAQ,2026-09-30
EMA,Emera Incorporated Common Shares,NYSE,2026-09-30
EMAT,Evolution Metals & Technologies Corp. - Common Stock,NASDAQ,2026-09-30
EMBC,Embecta Corp. - Common Stock,NASDAQ,2026-09-30
EMBJ,Embraer S.A. Common Stock,NYSE,2026-09-30
EME,"EMCOR Group, Inc. Common Stock",NYSE,2026-09-30
EMN,Eastman Chemical Company Common Stock,NYSE,2026-09-30
EMR,Emerson Electric Company Common Stock,NYSE,2026-09-30
ENB,Enbridge Inc Common Stock,NYSE,2026-09-30
ENGS,Energys Group Limited - Ordinary Shares,NASDAQ,2026-09-30
ENIC,Enel Chile S.A. American Depositary Shares (Each representing 50 shares of Common Stock),NYSE,2026-09-30
ENLT,Enlight Renewable Energy Ltd. - Ordinary Shares,NASDAQ,2026-09-30
ENOV,Enovis Corporation Common Stock,NYSE,2026-09-30
ENPH,"Enphase Energy, Inc. - Common Stock",NASDAQ,2026-09-30
ENR,"Energizer Holdings, Inc. Common Stock",NYSE,2026-09-30
ENS,EnerSys Common Stock,NYSE,2026-09-30
ENSG,"The Ensign Group, Inc. - Common Stock",NASDAQ,2026-09-30
ENTA,"Enanta Pharmaceuticals, Inc. - Common Stock",NASDAQ,2026-09-30
ENTG,"Entegris, Inc. - Common Stock",NASDAQ,2026-09-30
ENTX,Entera Bio Ltd. - Ordinary Shares,NASDAQ,2026-09-30
ENVA,"Enova International, Inc. Common Stock",NYSE,2026-09-30
ENVX,Enovix Corporation - Common Stock,NASDAQ,2026-09-30
EOG,"EOG Resources, Inc. Common Stock",NYSE,2026-09-30
EOLS,"Evolus, Inc. - Common Stock",NASDAQ,2026-09-30
EOSE,"Eos Energy Enterprises, Inc. - Common Stock",NASDAQ,2026-09-30
EPAC,Enerpac Tool Group Corp. Common Stock,NYSE,2026-09-30
EPAM,"EPAM Systems, Inc. Common Stock",NYSE,2026-09-30
EPC,Edgewell Personal Care Company Common Stock,NYSE,2026-09-30
EPD,Enterprise Products Partners L.P. Common Stock,NYSE,2026-09-30
EPM,"Evolution Petroleum Corporation, Inc. Common Stock",AMEX,2026-09-30
EPR,EPR Properties Common Stock,NYSE,2026-09-30
EPRT,"Essential Properties Realty Trust, Inc. Common Stock",NYSE,2026-09-30
EPRX,Eupraxia Pharmaceuticals Inc. - Common Stock,NASDAQ,2026-09-30
EQBK,"Equity Bancshares, Inc. Class A Common Stock",NYSE,2026-09-30
EQH,"Equitable Holdings, Inc. Common Stock",NYSE,2026-09-30
EQIX,"Equinix, Inc. - Common Stock",NASDAQ,2026-09-30
EQNR,Equinor ASA,NYSE,2026-09-30
EQPT,EquipmentShare.com Inc - Class A Common Stock,NASDAQ,2026-09-30
EQT,EQT Corporation Common Stock,NYSE,2026-09-30
EQX,Equinox Gold Corp. Common Shares,AMEX,2026-09-30
ERAS,"Erasca, Inc. - Common Stock",NASDAQ,2026-09-30
ERIC,Ericsson - American Depositary Shares each representing 1 underlying Class B share,NASDAQ,2026-09-30
ERIE,Erie Indemnity Company - Class A Common Stock,NASDAQ,2026-09-30
ERII,"Energy Recovery, Inc. - Common Stock",NASDAQ,2026-09-30
ERO,Ero Copper Corp. Common Shares,NYSE,2026-09-30
EROC,"ERock, Inc. Class A Common Stock",NYSE,2026-09-30
EROK,"EagleRock Land, LLC Class A shares representing limited liability company interests",NYSE,2026-09-30
ES,Eversource Energy (D/B/A) Common Stock,NYSE,2026-09-30
ESAB,ESAB Corporation Common Stock,NYSE,2026-09-30
ESE,ESCO Technologies Inc. Common Stock,NYSE,2026-09-30
ESEA,Euroseas Ltd. - Common Stock,NASDAQ,2026-09-30
ESI,Element Solutions Inc. Common Stock,NYSE,2026-09-30
ESLT,Elbit Systems Ltd. - Ordinary Shares,NASDAQ,2026-09-30
ESNT,Essent Group Ltd. Common Shares,NYSE,2026-09-30
ESOA,Energy Services of America Corporation - Common Stock,NASDAQ,2026-09-30
ESP,Espey Mfg. & Electronics Corp. Common Stock,AMEX,2026-09-30
ESQ,"Esquire Financial Holdings, Inc. - Common Stock",NASDAQ,2026-09-30
ESRT,"Empire State Realty Trust, Inc. Class A Common Stock",NYSE,2026-09-30
ESS,"Essex Property Trust, Inc. Common Stock",NYSE,2026-09-30
ESTA,Establishment Labs Holdings Inc. - Common Shares,NASDAQ,2026-09-30
ESTC,Elastic N.V. Ordinary Shares,NYSE,2026-09-30
ETD,Ethan Allen Interiors Inc. Common Stock,NYSE,2026-09-30
ETN,"Eaton Corporation, PLC Ordinary Shares",NYSE,2026-09-30
ETON,"Eton Pharmaceuticals, Inc. - Common Stock",NASDAQ,2026-09-30
ETOR,eToro Group Ltd. - Class A Common Shares,NASDAQ,2026-09-30
ETR,Entergy Corporation Common Stock,NYSE,2026-09-30
ETRA,"Electra Therapeutics, Inc. - Common stock",NASDAQ,2026-09-30
ETSY,"Etsy, Inc. Common Stock",NYSE,2026-09-30
EVC,Entravision Communications Corporation Common Stock,NYSE,2026-09-30
EVCM,EverCommerce Inc. - Common Stock,NASDAQ,2026-09-30
EVER,"EverQuote, Inc. - Class A Common Stock",NASDAQ,2026-09-30
EVH,"Evolent Health, Inc Class A Common Stock",NYSE,2026-09-30
EVI,"EVI Industries, Inc.  Common Stock",AMEX,2026-09-30
EVLV,"Evolv Technologies Holdings, Inc. - Class A Common Stock",NASDAQ,2026-09-30
EVMN,"Evommune, Inc. Common Stock",NYSE,2026-09-30
EVN,Eaton Vance Municipal Income Trust Common Stock,NYSE,2026-09-30
EVR,Evercore Inc. Class A Common Stock,NYSE,2026-09-30
EVRG,"Evergy, Inc. - Common Stock",NASDAQ,2026-09-30
EVTC,"Evertec, Inc. Common Stock",NYSE,2026-09-30
EW,Edwards Lifesciences Corporation Common Stock,NYSE,2026-09-30
EWBC,"East West Bancorp, Inc. - Common Stock",NASDAQ,2026-09-30
EWTX,"Edgewise Therapeutics, Inc. - Common Stock",NASDAQ,2026-09-30
EXC,Exelon Corporation - Common Stock,NASDAQ,2026-09-30
EXE,Expand Energy Corporation - Common Stock,NASDAQ,2026-09-30
EXEL,"Exelixis, Inc. - Common Stock",NASDAQ,2026-09-30
EXFY,"Expensify, Inc. - Class A Common Stock",NASDAQ,2026-09-30
EXK,Endeavour Silver Corporation Ordinary Shares (Canada),NYSE,2026-09-30
EXLS,"ExlService Holdings, Inc. - Common Stock",NASDAQ,2026-09-30
EXP,Eagle Materials Inc Common Stock,NYSE,2026-09-30
EXPD,"Expeditors International of Washington, Inc. Common Stock",NYSE,2026-09-30
EXPE,"Expedia Group, Inc. - Common Stock",NASDAQ,2026-09-30
EXPO,"Exponent, Inc. - Common Stock",NASDAQ,2026-09-30
EXR,Extra Space Storage Inc Common Stock,NYSE,2026-09-30
EXTR,"Extreme Networks, Inc. - Common Stock",NASDAQ,2026-09-30
EYE,"National Vision Holdings, Inc. - Common Stock",NASDAQ,2026-09-30
EYPT,"EyePoint, Inc. - Common Stock",NASDAQ,2026-09-30
EZPW,"EZCORP, Inc. - Class A Non-Voting Common Stock",NASDAQ,2026-09-30
F,Ford Motor Company Common Stock,NYSE,2026-09-30
FA,First Advantage Corporation - Common Stock,NASDAQ,2026-09-30
FAC,Factorial Energy Inc. - Class A Common Stock,NASDAQ,2026-09-30
FAF,First American Corporation (New) Common Stock,NYSE,2026-09-30
FANG,"Diamondback Energy, Inc. - Common Stock",NASDAQ,2026-09-30
FAST,Fastenal Company - Common Stock,NASDAQ,2026-09-30
FATE,"Fate Therapeutics, Inc. - Common Stock",NASDAQ,2026-09-30
FBGL,FBS Global Limited - Ordinary Shares,NASDAQ,2026-09-30
FBIN,"Fortune Brands Innovations, Inc. Common Stock",NYSE,2026-09-30
FBIZ,"First Business Financial Services, Inc. - Common Stock",NASDAQ,2026-09-30
FBK,FB Financial Corporation Common Stock,NYSE,2026-09-30
FBLA,"FB Bancorp, Inc. - Common Stock",NASDAQ,2026-09-30
FBNC,First Bancorp - Common Stock,NASDAQ,2026-09-30
FBP,First BanCorp. New Common Stock,NYSE,2026-09-30
FBRT,"Franklin BSP Realty Trust, Inc. Common Stock",NYSE,2026-09-30
FBYD,"Falcon's Beyond Global, Inc. - Class A Common Stock",NASDAQ,2026-09-30
FC,Franklin Covey Company Common Stock,NYSE,2026-09-30
FCAP,"First Capital, Inc. - Common Stock",NASDAQ,2026-09-30
FCBC,"First Community Bankshares, Inc. - Common Stock",NASDAQ,2026-09-30
FCBM,"First Carolina Financial Services, Inc. Common Stock",NYSE,2026-09-30
FCCO,First Community Corporation - Common Stock,NASDAQ,2026-09-30
FCEL,"FuelCell Energy, Inc. - Common Stock",NASDAQ,2026-09-30
FCF,First Commonwealth Financial Corporation Common Stock,NYSE,2026-09-30
FCFS,"FirstCash Holdings, Inc. - Common Stock",NASDAQ,2026-09-30
FCN,"FTI Consulting, Inc. Common Stock",NYSE,2026-09-30
FCNCA,"First Citizens BancShares, Inc. - Class A Common Stock",NASDAQ,2026-09-30
FCPT,"Four Corners Property Trust, Inc. Common Stock",NYSE,2026-09-30
FCUV,Focus Universal Inc. - Common Stock,NASDAQ,2026-09-30
FCX,"Freeport-McMoRan, Inc. Common Stock",NYSE,2026-09-30
FDMT,"4D Molecular Therapeutics, Inc. - Common Stock",NASDAQ,2026-09-30
FDS,FactSet Research Systems Inc. Common Stock,NYSE,2026-09-30
FDX,FedEx Corporation Common Stock,NYSE,2026-09-30
FDXF,"FedEx Freight Holding Company, Inc. Common Stock",NYSE,2026-09-30
FE,FirstEnergy Corp. Common Stock,NYSE,2026-09-30
FEAM,"5E Advanced Materials, Inc. - Common Stock",NASDAQ,2026-09-30
FEIM,"Frequency Electronics, Inc. - Common Stock",NASDAQ,2026-09-30
FELE,"Franklin Electric Co., Inc. - Common Stock",NASDAQ,2026-09-30
FENC,Fennec Pharmaceuticals Inc. - Common Stock,NASDAQ,2026-09-30
FER,Ferrovial N.V. - Ordinary Shares,NASDAQ,2026-09-30
FERG,Ferguson Enterprises Inc. Common Stock,NYSE,2026-09-30
FET,"Forum Energy Technologies, Inc. Common Stock",NYSE,2026-09-30
FF,FutureFuel Corp.  Common shares,NYSE,2026-09-30
FFBC,First Financial Bancorp. - Common Stock,NASDAQ,2026-09-30
FFIN,"First Financial Bankshares, Inc. - Common Stock",NASDAQ,2026-09-30
FFIV,"F5, Inc. - Common Stock",NASDAQ,2026-09-30
FG,"F&G Annuities & Life, Inc. Common Stock",NYSE,2026-09-30
FGL,Founder Group Limited - Class A Ordinary Shares,NASDAQ,2026-09-30
FHB,"First Hawaiian, Inc. - Common Stock",NASDAQ,2026-09-30
FHI,"Federated Hermes, Inc. Common Stock",NYSE,2026-09-30
FHN,First Horizon Corporation Common Stock,NYSE,2026-09-30
FHTX,Foghorn Therapeutics Inc. - Common Stock,NASDAQ,2026-09-30
FIBK,"First Interstate BancSystem, Inc. - Common Stock",NASDAQ,2026-09-30
FICO,Fair Isaac Corporation Common Stock,NYSE,2026-09-30
FIG,"Figma, Inc. Class A Common Stock",NYSE,2026-09-30
FIGR,"Figure Technology Solutions, Inc. - Class A Common Stock",NASDAQ,2026-09-30
FIGS,"FIGS, Inc. Class A Common Stock",NYSE,2026-09-30
FINV,FinVolution Group American Depositary Shares,NYSE,2026-09-30
FIP,FTAI Infrastructure Inc. - Common Stock,NASDAQ,2026-09-30
FIRY,Firy Inc. Class A Common Stock,NYSE,2026-09-30
FIS,"Fidelity National Information Services, Inc. Common Stock",NYSE,2026-09-30
FISI,"Financial Institutions, Inc. - Common Stock",NASDAQ,2026-09-30
FISN,"Deep Fission, Inc. - Common Stock",NASDAQ,2026-09-30
FISV,"Fiserv, Inc. - Common Stock",NASDAQ,2026-09-30
FITB,Fifth Third Bancorp Common Stock,NYSE,2026-09-30
FIVE,"Five Below, Inc. - Common Stock",NASDAQ,2026-09-30
FIVN,"Five9, Inc. - Common Stock",NASDAQ,2026-09-30
FIX,"Comfort Systems USA, Inc. Common Stock",NYSE,2026-09-30
FIZZ,National Beverage Corp. - Common Stock,NASDAQ,2026-09-30
FLEX,Flex Ltd. - Ordinary Shares,NASDAQ,2026-09-30
FLG,"Flagstar Bank, N.A. Common Stock",NYSE,2026-09-30
FLGT,"Fulgent Genetics, Inc. - Common Stock",NASDAQ,2026-09-30
FLNC,"Fluence Energy, Inc. - Class A Common Stock",NASDAQ,2026-09-30
FLNG,FLEX LNG Ltd. Ordinary Shares,NYSE,2026-09-30
FLO,"Flowers Foods, Inc. Common Stock",NYSE,2026-09-30
FLOC,Flowco Holdings Inc. Class A Common Stock,NYSE,2026-09-30
FLR,Fluor Corporation Common Stock,NYSE,2026-09-30
FLS,Flowserve Corporation Common Stock,NYSE,2026-09-30
FLUT,Flutter Entertainment plc Ordinary Shares,NYSE,2026-09-30
FLWS,"1-800-FLOWERS.COM, Inc. - Class A Common Stock",NASDAQ,2026-09-30
FLXS,"Flexsteel Industries, Inc. - Common Stock",NASDAQ,2026-09-30
FLY,Firefly Aerospace Inc. - Common Stock,NASDAQ,2026-09-30
FLYW,Flywire Corporation - Voting Common Stock,NASDAQ,2026-09-30
FMAO,"Farmers & Merchants Bancorp, Inc. - Common Stock",NASDAQ,2026-09-30
FMBH,"First Mid Bancshares, Inc. - Common Stock",NASDAQ,2026-09-30
FMC,FMC Corporation Common Stock,NYSE,2026-09-30
FMNB,Farmers National Banc Corp. - Common Stock,NASDAQ,2026-09-30
FMS,Fresenius Medical Care AG American Depositary Shares (Each representing 1/2 of an Ordinary Share),NYSE,2026-09-30
FMX,Fomento Economico Mexicano S.A.B. de C.V. Common Stock,NYSE,2026-09-30
FN,Fabrinet Ordinary Shares,NYSE,2026-09-30
FNB,F.N.B. Corporation Common Stock,NYSE,2026-09-30
FND,"Floor & Decor Holdings, Inc. Common Stock",NYSE,2026-09-30
FNF,"Fidelity National Financial, Inc. Common Stock",NYSE,2026-09-30
FNGD,"MicroSectors FANG  Index -3X Inverse Leveraged ETNs due January 8, 2038",ARCA,2026-09-30
FNKO,"Funko, Inc. - Class A Common Stock",NASDAQ,2026-09-30
FNLC,"First Bancorp, Inc (ME) - Common Stock",NASDAQ,2026-09-30
FNRN,First Northern Community Bancorp - Common stock,NASDAQ,2026-09-30
FNV,Franco-Nevada Corporation,NYSE,2026-09-30
FOA,Finance of America Companies Inc. Class A Common Stock,NYSE,2026-09-30
FOFO,"Hang Feng Technology Innovation Co., Ltd. - Ordinary Shares",NASDAQ,2026-09-30
FOR,Forestar Group Inc Common Stock,NYSE,2026-09-30
FORM,"FormFactor, Inc. - Common Stock",NASDAQ,2026-09-30
FORR,"Forrester Research, Inc. - Common Stock",NASDAQ,2026-09-30
FOSL,"Fossil Group, Inc. - Common Stock",NASDAQ,2026-09-30
FOUR,"Shift4 Payments, Inc. Class A Common Stock",NYSE,2026-09-30
FOX,Fox Corporation - Class B Common Stock,NASDAQ,2026-09-30
FOXA,Fox Corporation - Class A Common Stock,NASDAQ,2026-09-30
FOXF,Fox Factory Holding Corp. - Common Stock,NASDAQ,2026-09-30
FPI,Farmland Partners Inc. Common Stock,NYSE,2026-09-30
FPS,"Forgent Power Solutions, Inc. Class A Common Stock",NYSE,2026-09-30
FR,"First Industrial Realty Trust, Inc. Common Stock",NYSE,2026-09-30
FRAF,Franklin Financial Services Corporation - Common Stock,NASDAQ,2026-09-30
FRBA,First Bank  - Common Stock,NASDAQ,2026-09-30
FRBT,"Forbright, Inc. - Class A Common Stock",NASDAQ,2026-09-30
FRD,Friedman Industries Inc. - Common Stock,NASDAQ,2026-09-30
FRHC,Freedom Holding Corp. - Common Stock,NASDAQ,2026-09-30
FRME,First Merchants Corporation - Common Stock,NASDAQ,2026-09-30
FRMI,Fermi Inc. - Common Stock,NASDAQ,2026-09-30
FRNM,"Freenome, Inc. - Common stock",NASDAQ,2026-09-30
FRO,Frontline Plc Ordinary Shares,NYSE,2026-09-30
FROG,JFrog Ltd. - Ordinary shares,NASDAQ,2026-09-30
FRPH,"FRP Holdings, Inc. - Common Stock",NASDAQ,2026-09-30
FRPT,"Freshpet, Inc. - Common Stock",NASDAQ,2026-09-30
FRSH,Freshworks Inc. - Class A Common Stock,NASDAQ,2026-09-30
FRST,Primis Financial Corp. - Common Stock,NASDAQ,2026-09-30
FRT,Federal Realty Investment Trust Common Stock,NYSE,2026-09-30
FRVO,Fervo Energy Company - Class A common stock,NASDAQ,2026-09-30
FSBC,Five Star Bancorp - Common Stock,NASDAQ,2026-09-30
FSBW,"FS Bancorp, Inc. - Common Stock",NASDAQ,2026-09-30
FSCO,FS Credit Opportunities Corp. Common Stock,NYSE,2026-09-30
FSK,FS KKR Capital Corp. Common Stock,NYSE,2026-09-30
FSLR,"First Solar, Inc. - Common Stock",NASDAQ,2026-09-30
FSLY,"Fastly, Inc. - Class A Common Stock",NASDAQ,2026-09-30
FSM,Fortuna Mining Corp. Common Shares,NYSE,2026-09-30
FSS,Federal Signal Corporation Common Stock,NYSE,2026-09-30
FSTR,L.B. Foster Company - Common Stock,NASDAQ,2026-09-30
FSUN,FirstSun Capital Bancorp - Common Stock,NASDAQ,2026-09-30
FSV,FirstService Corporation - Common Shares,NASDAQ,2026-09-30
FTAI,FTAI Aviation Ltd. - Common Stock,NASDAQ,2026-09-30
FTCI,"FTC Solar, Inc. - Common Stock",NASDAQ,2026-09-30
FTDR,"Frontdoor, Inc. - Common Stock",NASDAQ,2026-09-30
FTF,Franklin Limited Duration Income Trust Common Shares of Beneficial Interest,AMEX,2026-09-30
FTFT,Future FinTech Group Inc. - Common Stock,NASDAQ,2026-09-30
FTH,"Faeth Therapeutics, Inc.  - Common Stock",NASDAQ,2026-09-30
FTI,TechnipFMC plc Ordinary Share,NYSE,2026-09-30
FTK,"Flotek Industries, Inc. Common Stock",NYSE,2026-09-30
FTNT,"Fortinet, Inc. - Common Stock",NASDAQ,2026-09-30
FTRE,Fortrea Holdings Inc. - Common Stock,NASDAQ,2026-09-30
FTS,Fortis Inc. Common Shares,NYSE,2026-09-30
FTV,Fortive Corporation Common Stock,NYSE,2026-09-30
FUBO,FuboTV Inc. Class A Common Stock,NYSE,2026-09-30
FUL,H. B. Fuller Company Common Stock,NYSE,2026-09-30
FULC,"Fulcrum Therapeutics, Inc. - Common Stock",NASDAQ,2026-09-30
FULT,Fulton Financial Corporation - Common Stock,NASDAQ,2026-09-30
FUN,Six Flags Entertainment Corporation Common Stock New,NYSE,2026-09-30
FUNC,First United Corporation - Common Stock,NASDAQ,2026-09-30
FUTU,Futu Holdings Limited - American Depositary Shares,NASDAQ,2026-09-30
FVCB,"FVCBankcorp, Inc. - Common Stock",NASDAQ,2026-09-30
FVR,"FrontView REIT, Inc. Common Stock",NYSE,2026-09-30
FVRR,"Fiverr International Ltd. Ordinary Shares, no par value",NYSE,2026-09-30
FWDI,"Forward Industries, Inc. - Common Stock",NASDAQ,2026-09-30
FWONA,Liberty Media Corporation - Series A Common Stock,NASDAQ,2026-09-30
FWONK,Liberty Media Corporation - Series C Common Stock,NASDAQ,2026-09-30
FWRD,Forward Air Corporation - Common Stock,NASDAQ,2026-09-30
FWRG,"First Watch Restaurant Group, Inc. - Common Stock",NASDAQ,2026-09-30
G,Genpact Limited Common Stock,NYSE,2026-09-30
GAB,"Gabelli Equity Trust, Inc. (The) Common Stock",NYSE,2026-09-30
GABC,"German American Bancorp, Inc. - Common Stock",NASDAQ,2026-09-30
GAIN,Gladstone Investment Corporation - Business Development Company,NASDAQ,2026-09-30
GALT,Galectin Therapeutics Inc. - Common Stock,NASDAQ,2026-09-30
GAM,"General American Investors, Inc. Common Stock",NYSE,2026-09-30
GAP,"Gap, Inc. (The) Common Stock",NYSE,2026-09-30
GASS,"StealthGas, Inc. - common stock",NASDAQ,2026-09-30
GATX,GATX Corporation Common Stock,NYSE,2026-09-30
GBAB,Guggenheim Taxable Municipal Bond & Investment Grade Debt Trust Common Shares of Beneficial Interest,NYSE,2026-09-30
GBCI,"Glacier Bancorp, Inc. Common Stock",NYSE,2026-09-30
GBFH,GBank Financial Holdings Inc. - Common Stock,NASDAQ,2026-09-30
GBX,"Greenbrier Companies, Inc. (The) Common Stock",NYSE,2026-09-30
GCBC,"Greene County Bancorp, Inc. - Common Stock",NASDAQ,2026-09-30
GCMG,GCM Grosvenor Inc. - Class A Common Stock,NASDAQ,2026-09-30
GCO,Genesco Inc. Common Stock,NYSE,2026-09-30
GCT,GigaCloud Technology Inc - Class A Ordinary Shares,NASDAQ,2026-09-30
GCTS,"GCT Semiconductor Holding, Inc. Common Stock",NYSE,2026-09-30
GD,General Dynamics Corporation Common Stock,NYSE,2026-09-30
GDDY,GoDaddy Inc. Class A Common Stock,NYSE,2026-09-30
GDOT,"Green Dot Corporation Class A Common Stock, $0.001 par value",NYSE,2026-09-30
GDRX,"GoodRx Holdings, Inc. - Class A Common Stock",NASDAQ,2026-09-30
GDS,GDS Holdings Limited - American Depositary Shares,NASDAQ,2026-09-30
GDV,Gabelli Dividend & Income Trust Common Shares of Beneficial Interest,NYSE,2026-09-30
GDYN,"Grid Dynamics Holdings, Inc. - Class A Common Stock",NASDAQ,2026-09-30
GE,GE Aerospace Common Stock,NYSE,2026-09-30
GEF,Greif Inc. Class A Common Stock,NYSE,2026-09-30
GEF-B,"Greif, Inc. Corporation Class B Common Stock",NYSE,2026-09-30
GEHC,GE HealthCare Technologies Inc. - Common Stock,NASDAQ,2026-09-30
GEMI,"Gemini Space Station, Inc. - Class A Common Stock",NASDAQ,2026-09-30
GEN,Gen Digital Inc. - Common Stock,NASDAQ,2026-09-30
GENB,"Generate Biomedicines, Inc. - Common Stock",NASDAQ,2026-09-30
GENC,"Gencor Industries, Inc. Common Stock",AMEX,2026-09-30
GENI,Genius Sports Limited Ordinary Shares,NYSE,2026-09-30
GEO,Geo Group Inc (The) REIT,NYSE,2026-09-30
GEV,GE Vernova Inc. Common Stock,NYSE,2026-09-30
GFF,Griffon Corporation Common Stock,NYSE,2026-09-30
GFI,Gold Fields Limited American Depositary Shares,NYSE,2026-09-30
GFL,"GFL Environmental Inc. Subordinate voting shares, no par value",NYSE,2026-09-30
GFR,Greenfire Resources Ltd. Common Shares,NYSE,2026-09-30
GFS,GlobalFoundries Inc. - Ordinary Share,NASDAQ,2026-09-30
GGAL,"Grupo Financiero Galicia S.A. - American Depositary Shares, Class B Shares underlying",NASDAQ,2026-09-30
GGB,Gerdau S.A. Common Stock,NYSE,2026-09-30
GGG,Graco Inc. Common Stock,NYSE,2026-09-30
GGN,"GAMCO Global Gold, Natural Resources & Income Trust",AMEX,2026-09-30
GGT,"Gabelli Multi-Media Trust, Inc. (The) Common Stock",NYSE,2026-09-30
GH,"Guardant Health, Inc. - Common Stock",NASDAQ,2026-09-30
GHC,Graham Holdings Company Common Stock,NYSE,2026-09-30
GHM,Graham Corporation Common Stock,NYSE,2026-09-30
GHRS,GH Research PLC - Ordinary Shares,NASDAQ,2026-09-30
GHXI,"Gores Holdings XI, Inc. - Class A Ordinary Shares",NASDAQ,2026-09-30
GIB,CGI Inc. Common Stock,NYSE,2026-09-30
GIBO,GIBO Holdings Limited - Class A Ordinary Shares,NASDAQ,2026-09-30
GIC,Global Industrial Company Common Stock,NYSE,2026-09-30
GIII,"G-III Apparel Group, LTD. - Common Stock",NASDAQ,2026-09-30
GIL,"Gildan Activewear, Inc. Class A Sub. Vot. Common Stock",NYSE,2026-09-30
GILD,"Gilead Sciences, Inc. - Common Stock",NASDAQ,2026-09-30
GILT,Gilat Satellite Networks Ltd. - Ordinary Shares,NASDAQ,2026-09-30
GIS,"General Mills, Inc. Common Stock",NYSE,2026-09-30
GIXI,Gix Internet Ltd. - Ordinary Shares,NASDAQ,2026-09-30
GKOS,Glaukos Corporation Common Stock,NYSE,2026-09-30
GL,Globe Life Inc. Common Stock,NYSE,2026-09-30
GLAS,Glass House Brands Inc. Subordinate Voting Shares,NYSE,2026-09-30
GLBE,Global-E Online Ltd. - ordinary shares,NASDAQ,2026-09-30
GLIBK,Liberty Capital Corporation - Series C GCI Group Common Stock,NASDAQ,2026-09-30
GLND,Greenland Energy Company - Common Stock,NASDAQ,2026-09-30
GLNG,Golar LNG Limited - Common Shares,NASDAQ,2026-09-30
GLOB,Globant S.A. Common Shares,NYSE,2026-09-30
GLOO,"Gloo Holdings, Inc. - Common Stock",NASDAQ,2026-09-30
GLPI,"Gaming and Leisure Properties, Inc. - Common Stock",NASDAQ,2026-09-30
GLRE,"Greenlight Reinsurance, Ltd. - Class A Ordinary Shares",NASDAQ,2026-09-30
GLSI,"Greenwich LifeSciences, Inc. - Common stock",NASDAQ,2026-09-30
GLUE,"Monte Rosa Therapeutics, Inc. - Common Stock",NASDAQ,2026-09-30
GLW,Corning Incorporated Common Stock,NYSE,2026-09-30
GLXY,Galaxy Digital Inc. - Class A common stock,NASDAQ,2026-09-30
GM,General Motors Company Common Stock,NYSE,2026-09-30
GMAB,Genmab A/S - American Depositary Shares,NASDAQ,2026-09-30
GME,GameStop Corporation Common Stock,NYSE,2026-09-30
GMED,"Globus Medical, Inc. Class A Common Stock",NYSE,2026-09-30
GMEX,GMEX ROBOTICS CORPORATION - Class A Ordinary Shares,NASDAQ,2026-09-30
GMRS,GMR Solutions Inc. Class A Common Stock,NYSE,2026-09-30
GMTL,Guardian Metal Resources PLC ADS,AMEX,2026-09-30
GNE,Genie Energy Ltd. Class B Common Stock Stock,NYSE,2026-09-30
GNK,Genco Shipping & Trading Limited Ordinary Shares New (Marshall Islands),NYSE,2026-09-30
GNL,"Global Net Lease, Inc. Common Stock",NYSE,2026-09-30
GNRC,Generac Holdlings Inc. Common Stock,NYSE,2026-09-30
GNTX,Gentex Corporation - Common Stock,NASDAQ,2026-09-30
GNW,Genworth Financial Inc Common Stock,NYSE,2026-09-30
GO,Grocery Outlet Holding Corp. - Common Stock,NASDAQ,2026-09-30
GOGO,Gogo Inc. - Common Stock,NASDAQ,2026-09-30
GOLD,"Gold.com, Inc. Common Stock",NYSE,2026-09-30
GOLF,Acushnet Holdings Corp. Common Stock,NYSE,2026-09-30
GOOD,Gladstone Commercial Corporation - Real Estate Investment Trust,NASDAQ,2026-09-30
GOOG,Alphabet Inc. - Class C Capital Stock,NASDAQ,2026-09-30
GOOGL,Alphabet Inc. - Class A Common Stock,NASDAQ,2026-09-30
GOOS,Canada Goose Holdings Inc. Subordinate Voting Shares,NYSE,2026-09-30
GORO,Goldgroup Mining Inc. Common Shares,AMEX,2026-09-30
GOSS,"Gossamer Bio, Inc. - Common Stock",NASDAQ,2026-09-30
GOTU,Gaotu Techedu Inc. American Depositary Shares,NYSE,2026-09-30
GPC,Genuine Parts Company Common Stock,NYSE,2026-09-30
GPCR,Structure Therapeutics Inc. - American Depositary Shares,NASDAQ,2026-09-30
GPGI,"GPGI, Inc. Class A Common Stock",NYSE,2026-09-30
GPI,"Group 1 Automotive, Inc. Common Stock",NYSE,2026-09-30
GPK,Graphic Packaging Holding Company,NYSE,2026-09-30
GPN,Global Payments Inc. Common Stock,NYSE,2026-09-30
GPOR,Gulfport Energy Corporation Common Shares,NYSE,2026-09-30
GPRE,"Green Plains, Inc. - Common Stock",NASDAQ,2026-09-30
GPRK,Geopark Ltd Common Shares,NYSE,2026-09-30
GRAB,Grab Holdings Limited - Class A Ordinary Shares,NASDAQ,2026-09-30
GRAL,"GRAIL, Inc. - Common Stock",NASDAQ,2026-09-30
GRBK,"Green Brick Partners, Inc. Common Stock",NYSE,2026-09-30
GRC,Gorman-Rupp Company (The) Common Stock,NYSE,2026-09-30
GRDN,"Guardian Pharmacy Services, Inc. Class A Common Stock",NYSE,2026-09-30
GRFS,"Grifols, S.A. - American Depositary Shares",NASDAQ,2026-09-30
GRML,Greenland Mines Ltd - Common Stock,NASDAQ,2026-09-30
GRMN,Garmin Ltd. Common Stock (Switzerland),NYSE,2026-09-30
GRND,Grindr Inc. Common Stock,NYSE,2026-09-30
GRNQ,Greenpro Capital Corp. - Common Stock,NASDAQ,2026-09-30
GRNT,"Granite Ridge Resources, Inc. Common Stock",NYSE,2026-09-30
GROY,Gold Royalty Corp. Common Shares,AMEX,2026-09-30
GRPN,"Groupon, Inc. - Common Stock",NASDAQ,2026-09-30
GRRR,Gorilla Technology Group Inc. - Ordinary shares,NASDAQ,2026-09-30
GRVY,"GRAVITY Co., Ltd. - American depositary shares, each representing one common share.",NASDAQ,2026-09-30
GS,"Goldman Sachs Group, Inc. (The) Common Stock",NYSE,2026-09-30
GSAT,"Globalstar, Inc. - Common Stock",NASDAQ,2026-09-30
GSBC,"Great Southern Bancorp, Inc. - Common Stock",NASDAQ,2026-09-30
GSBD,"Goldman Sachs BDC, Inc. Common Stock",NYSE,2026-09-30
GSHD,"Goosehead Insurance, Inc. - Class A Common Stock",NASDAQ,2026-09-30
GSIT,"GSI Technology, Inc. - Common Stock",NASDAQ,2026-09-30
GSK,GSK plc American Depositary Shares (Each representing two Ordinary Shares),NYSE,2026-09-30
GSL,Global Ship Lease Inc New Class A Common Shares,NYSE,2026-09-30
GSM,Ferroglobe PLC - Ordinary Shares,NASDAQ,2026-09-30
GT,The Goodyear Tire & Rubber Company - Common Stock,NASDAQ,2026-09-30
GTBP,"GT Biopharma, Inc. - Common Stock",NASDAQ,2026-09-30
GTE,Gran Tierra Energy Inc. Common Stock,AMEX,2026-09-30
GTES,Gates Industrial Corporation Ltd. Common Shares,NYSE,2026-09-30
GTLB,GitLab Inc. - Class A Common Stock,NASDAQ,2026-09-30
GTM,ZoomInfo Technologies Inc. - Common Stock,NASDAQ,2026-09-30
GTN,"Gray Media, Inc. Common Stock",NYSE,2026-09-30
GTX,Garrett Motion Inc. - Common Stock,NASDAQ,2026-09-30
GTY,Getty Realty Corporation Common Stock,NYSE,2026-09-30
GUT,Gabelli Utility Trust (The) Common Stock,NYSE,2026-09-30
GVA,Granite Construction Incorporated Common Stock,NYSE,2026-09-30
GWRE,"Guidewire Software, Inc. Common Stock",NYSE,2026-09-30
GWW,"W.W. Grainger, Inc. Common Stock",NYSE,2026-09-30
GXO,"GXO Logistics, Inc. Common Stock",NYSE,2026-09-30
GYRE,"Gyre Therapeutics, Inc. - Common Stock",NASDAQ,2026-09-30
H,Hyatt Hotels Corporation Class A Common Stock,NYSE,2026-09-30
HAE,Haemonetics Corporation Common Stock,NYSE,2026-09-30
HAFC,Hanmi Financial Corporation - Common Stock,NASDAQ,2026-09-30
HAFN,Hafnia Limited Common Shares,NYSE,2026-09-30
HAL,Halliburton Company Common Stock,NYSE,2026-09-30
HALO,"Halozyme Therapeutics, Inc. - Common Stock",NASDAQ,2026-09-30
HAPN,"Happen, Inc. - Common Stock",NASDAQ,2026-09-30
HAS,"Hasbro, Inc. - Common Stock",NASDAQ,2026-09-30
HASI,"HA Sustainable Infrastructure Capital, Inc. Common Stock",NYSE,2026-09-30
HAWK,"HawkEye 360, Inc. Common Stock",NYSE,2026-09-30
HAYW,"Hayward Holdings, Inc. Common Stock",NYSE,2026-09-30
HBAN,Huntington Bancshares Incorporated - Common Stock,NASDAQ,2026-09-30
HBB,Hamilton Beach Brands Holding Company Class A Common Stock,NYSE,2026-09-30
HBCP,"Home Bancorp, Inc. - Common Stock",NASDAQ,2026-09-30
HBM,Hudbay Minerals Inc. Ordinary Shares (Canada),NYSE,2026-09-30
HBNC,"Horizon Bancorp, Inc. - Common Stock",NASDAQ,2026-09-30
HBT,"HBT Financial, Inc. - Common Stock",NASDAQ,2026-09-30
HCA,"HCA Healthcare, Inc. Common Stock",NYSE,2026-09-30
HCC,"Warrior Met Coal, Inc. Common Stock",NYSE,2026-09-30
HCI,"HCI Group, Inc. Common Stock",NYSE,2026-09-30
HCKT,"The Hackett Group, Inc. - Common Stock",NASDAQ,2026-09-30
HCM,HUTCHMED (China) Limited - American Depositary Shares,NASDAQ,2026-09-30
HCSG,"Healthcare Services Group, Inc. - Common Stock",NASDAQ,2026-09-30
HD,"Home Depot, Inc. (The) Common Stock",NYSE,2026-09-30
HDB,HDFC Bank Limited Common Stock,NYSE,2026-09-30
HDSN,"Hudson Technologies, Inc. - Common Stock",NASDAQ,2026-09-30
HE,"Hawaiian Electric Industries, Inc. Common Stock",NYSE,2026-09-30
HEI,Heico Corporation Common Stock,NYSE,2026-09-30
HEI-A,Heico Corporation Common Stock,NYSE,2026-09-30
HELE,Helen of Troy Limited - Common Stock,NASDAQ,2026-09-30
HELP,Cybin Inc. - Common Stock,NASDAQ,2026-09-30
HEPS,D-Market Electronic Services & Trading - American Depositary Shares,NASDAQ,2026-09-30
HESM,Hess Midstream LP Class A Representing Limited Partner Interests,NYSE,2026-09-30
HFWA,Heritage Financial Corporation - Common Stock,NASDAQ,2026-09-30
HG,"Hamilton Insurance Group, Ltd. Class B Common Shares",NYSE,2026-09-30
HGTY,"Hagerty, Inc. Class A Common Stock",NYSE,2026-09-30
HGV,Hilton Grand Vacations Inc. Common Stock,NYSE,2026-09-30
HHH,Howard Hughes Holdings Inc. Common Stock,NYSE,2026-09-30
HIFS,Hingham Institution for Savings - Common Stock,NASDAQ,2026-09-30
HIG,"The Hartford Insurance Group, Inc. Common Stock",NYSE,2026-09-30
HII,"Huntington Ingalls Industries, Inc. Common Stock",NYSE,2026-09-30
HIMS,"Hims & Hers Health, Inc. Class A Common Stock",NYSE,2026-09-30
HIMX,"Himax Technologies, Inc. - American depositary shares, each of which represents two ordinary shares.",NASDAQ,2026-09-30
HIPO,Hippo Holdings Inc. Common Stock,NYSE,2026-09-30
HITI,High Tide Inc. - Common Shares,NASDAQ,2026-09-30
HIVE,HIVE Digital Technologies Ltd - Common Shares,NASDAQ,2026-09-30
HIW,"Highwoods Properties, Inc. Common Stock",NYSE,2026-09-30
HL,Hecla Mining Company Common Stock,NYSE,2026-09-30
HLF,Herbalife Ltd. Common Shares,NYSE,2026-09-30
HLI,"Houlihan Lokey, Inc. Class A Common Stock",NYSE,2026-09-30
HLIO,"Helios Technologies, Inc. Common Stock",NYSE,2026-09-30
HLIT,Harmonic Inc. - Common Stock,NASDAQ,2026-09-30
HLLY,Holley Inc. Common Stock,NYSE,2026-09-30
HLMN,Hillman Solutions Corp. - Common Stock,NASDAQ,2026-09-30
HLN,Haleon plc American Depositary Shares (Each representing two Ordinary Shares),NYSE,2026-09-30
HLNE,Hamilton Lane Incorporated - Class A Common Stock,NASDAQ,2026-09-30
HLT,Hilton Worldwide Holdings Inc. Common Stock,NYSE,2026-09-30
HMC,"Honda Motor Company, Ltd. Common Stock",NYSE,2026-09-30
HMH,HMH Holding Inc. - Common Stock,NASDAQ,2026-09-30
HMN,Horace Mann Educators Corporation Common Stock,NYSE,2026-09-30
HMY,Harmony Gold Mining Company Limited,NYSE,2026-09-30
HNGE,"Hinge Health, Inc. Class A Common Stock",NYSE,2026-09-30
HNI,HNI Corporation Common Stock,NYSE,2026-09-30
HNRG,Hallador Energy Company - Common Stock,NASDAQ,2026-09-30
HNST,"The Honest Company, Inc. - Common Stock",NASDAQ,2026-09-30
HOG,"Harley-Davidson, Inc. Common Stock",NYSE,2026-09-30
HOMB,"Home BancShares, Inc. Common Stock",NYSE,2026-09-30
HON,Honeywell International Inc. - Common Stock,NASDAQ,2026-09-30
HONA,Honeywell Aerospace Inc. - Common Stock,NASDAQ,2026-09-30
HOOD,"Robinhood Markets, Inc. - Class A Common Stock",NASDAQ,2026-09-30
HOPE,"Hope Bancorp, Inc. - Common Stock",NASDAQ,2026-09-30
HOS,"Hornbeck Offshore Services, Inc. Common Stock",NYSE,2026-09-30
HOST,Host Digital Inc. Class A Common Stock,AMEX,2026-09-30
HOV,"Hovnanian Enterprises, Inc. Class A Common Stock",NYSE,2026-09-30
HP,"Helmerich & Payne, Inc. Common Stock",NYSE,2026-09-30
HPE,Hewlett Packard Enterprise Company Common Stock,NYSE,2026-09-30
HPK,"HighPeak Energy, Inc. - Common Stock",NASDAQ,2026-09-30
HPP,"Hudson Pacific Properties, Inc. Common Stock",NYSE,2026-09-30
HPQ,HP Inc. Common Stock,NYSE,2026-09-30
HQ,Horizon Quantum Holdings Ltd. - Class A Ordinary Shares,NASDAQ,2026-09-30
HQH,abrdn Healthcare Investors Shares of Beneficial Interest,NYSE,2026-09-30
HQL,abrdn Life Sciences Investors Shares of Beneficial Interest,NYSE,2026-09-30
HQY,"HealthEquity, Inc. - Common Stock",NASDAQ,2026-09-30
HR,Healthcare Realty Trust Incorporated Common Stock,NYSE,2026-09-30
HRB,"H&R Block, Inc. Common Stock",NYSE,2026-09-30
HRI,Herc Holdings Inc. Common Stock,NYSE,2026-09-30
HRL,Hormel Foods Corporation Common Stock,NYSE,2026-09-30
HRMY,"Harmony Biosciences Holdings, Inc. - Common Stock",NASDAQ,2026-09-30
HROW,"Harrow, Inc. - Common Stock",NASDAQ,2026-09-30
HRTG,"Heritage Insurance Holdings, Inc. Common Stock",NYSE,2026-09-30
HRZN,Horizon Technology Finance Corporation - Common Stock,NASDAQ,2026-09-30
HSAI,Hesai Group - American Depositary Share,NASDAQ,2026-09-30
HSBC,"HSBC Holdings, plc. Common Stock",NYSE,2026-09-30
HSDT,Solana Company - Class A Common Stock,NASDAQ,2026-09-30
HSHP,Himalaya Shipping Ltd. Common Shares,NYSE,2026-09-30
HSIC,"Henry Schein, Inc. - Common Stock",NASDAQ,2026-09-30
HSLV,Highlander Silver Corp. Common Shares,AMEX,2026-09-30
HST,"Host Hotels & Resorts, Inc. - Common Stock",NASDAQ,2026-09-30
HSTM,"HealthStream, Inc. - Common Stock",NASDAQ,2026-09-30
HSY,The Hershey Company Common Stock,NYSE,2026-09-30
HTB,"HomeTrust Bancshares, Inc. Common Stock",NYSE,2026-09-30
HTFL,"Heartflow, Inc. - Common Stock",NASDAQ,2026-09-30
HTGC,"Hercules Capital, Inc. Common Stock",NYSE,2026-09-30
HTH,Hilltop Holdings Inc.,NYSE,2026-09-30
HTHT,H World Group Limited - American Depositary Shares,NASDAQ,2026-09-30
HTLD,"Heartland Express, Inc. - Common Stock",NASDAQ,2026-09-30
HTO,H2O America  - Common Stock,NASDAQ,2026-09-30
HUBB,Hubbell Inc Common Stock,NYSE,2026-09-30
HUBG,"Hub Group, Inc. - Class A Common Stock",NASDAQ,2026-09-30
HUBS,"HubSpot, Inc. Common Stock",NYSE,2026-09-30
HUCK,"Huckleberry.ai, Inc. - Class B Common Stock",NASDAQ,2026-09-30
HUM,Humana Inc. Common Stock,NYSE,2026-09-30
HUN,Huntsman Corporation Common Stock,NYSE,2026-09-30
HURN,Huron Consulting Group Inc. - Common Stock,NASDAQ,2026-09-30
HUT,Hut 8 Corp. - Common Stock,NASDAQ,2026-09-30
HUYA,"HUYA Inc. American depositary shares, each  representing one Class A ordinary share",NYSE,2026-09-30
HVT,"Haverty Furniture Companies, Inc. Common Stock",NYSE,2026-09-30
HWC,Hancock Whitney Corporation - Common Stock,NASDAQ,2026-09-30
HWKN,"Hawkins, Inc. - Common Stock",NASDAQ,2026-09-30
HWM,Howmet Aerospace Inc. Common Stock,NYSE,2026-09-30
HXL,Hexcel Corporation Common Stock,NYSE,2026-09-30
HY,"Hyster-Yale, Inc. Class A common stock",NYSE,2026-09-30
HYLN,Hyliion Holdings Corp. Class A Common Stock,AMEX,2026-09-30
HYMC,Hycroft Mining Holding Corporation - Class A Common Stock,NASDAQ,2026-09-30
HYPD,"Hyperion DeFi, Inc. - Common Stock",NASDAQ,2026-09-30
HZO,"MarineMax, Inc.  (FL) Common Stock",NYSE,2026-09-30
IA,"Innovative Solutions and Support, Inc. - Common Stock",NASDAQ,2026-09-30
IAG,Iamgold Corporation Ordinary Shares,NYSE,2026-09-30
IART,Integra LifeSciences Holdings Corporation - Common Stock,NASDAQ,2026-09-30
IBCP,Independent Bank Corporation - Common Stock,NASDAQ,2026-09-30
IBEX,IBEX Limited - Common Share,NASDAQ,2026-09-30
IBKR,"Interactive Brokers Group, Inc. - Class A Common Stock",NASDAQ,2026-09-30
IBM,International Business Machines Corporation Common Stock,NYSE,2026-09-30
IBN,ICICI Bank Limited Common Stock,NYSE,2026-09-30
IBOC,International Bancshares Corporation - Common Stock,NASDAQ,2026-09-30
IBP,"Installed Building Products, Inc. Common Stock",NYSE,2026-09-30
IBRX,"ImmunityBio, Inc. - Common Stock",NASDAQ,2026-09-30
IBTA,"Ibotta, Inc. Class A Common Stock",NYSE,2026-09-30
ICE,Intercontinental Exchange Inc. Common Stock,NYSE,2026-09-30
ICFI,"ICF International, Inc. - Common Stock",NASDAQ,2026-09-30
ICHR,Ichor Holdings - Ordinary Shares,NASDAQ,2026-09-30
ICL,ICL Group Ltd. Ordinary Shares,NYSE,2026-09-30
ICLR,ICON plc - Ordinary Shares,NASDAQ,2026-09-30
ICUI,"ICU Medical, Inc. - Common Stock",NASDAQ,2026-09-30
IDA,"IDACORP, Inc. Common Stock",NYSE,2026-09-30
IDCC,"InterDigital, Inc. - Common Stock",NASDAQ,2026-09-30
IDR,"Idaho Strategic Resources, Inc. Common Stock",AMEX,2026-09-30
IDT,IDT Corporation Class B Common Stock,NYSE,2026-09-30
IDXX,"IDEXX Laboratories, Inc. - Common Stock",NASDAQ,2026-09-30
IDYA,"IDEAYA Biosciences, Inc. - Common Stock",NASDAQ,2026-09-30
IE,Ivanhoe Electric Inc. Common Stock,AMEX,2026-09-30
IESC,"IES Holdings, Inc. - Common Stock",NASDAQ,2026-09-30
IEX,IDEX Corporation Common Stock,NYSE,2026-09-30
IFF,"International Flavors & Fragrances, Inc. Common Stock",NYSE,2026-09-30
IFS,Intercorp Financial Services Inc. Common Shares,NYSE,2026-09-30
IGIC,International General Insurance Holdings Ltd. - Ordinary Shares,NASDAQ,2026-09-30
IHG,Intercontinental Hotels Group American Depositary Shares (Each representing one Ordinary Share),NYSE,2026-09-30
IHRT,"iHeartMedia, Inc. - Class A Common Stock",NASDAQ,2026-09-30
IHS,IHS Holding Limited Ordinary Shares,NYSE,2026-09-30
III,"Information Services Group, Inc. - Common Stock",NASDAQ,2026-09-30
IIIN,"Insteel Industries, Inc. Common Stock",NYSE,2026-09-30
IIIV,"i3 Verticals, Inc. - Common Stock",NASDAQ,2026-09-30
IIM,Invesco Value Municipal Income Trust Common Stock,NYSE,2026-09-30
IIPR,"Innovative Industrial Properties, Inc. Common Stock",NYSE,2026-09-30
IKT,"Inhibikase Therapeutics, Inc. - Common Stock",NASDAQ,2026-09-30
ILMN,"Illumina, Inc. - Common Stock",NASDAQ,2026-09-30
ILPT,Industrial Logistics Properties Trust - Common Shares of Beneficial Interest,NASDAQ,2026-09-30
IMAX,Imax Corporation Common Stock,NYSE,2026-09-30
IMCC,IM Cannabis Corp. - Common Shares,NASDAQ,2026-09-30
IMCR,Immunocore Holdings plc - American Depositary Shares,NASDAQ,2026-09-30
IMDX,Insight Molecular Diagnostics Inc. - Common Stock,NASDAQ,2026-09-30
IMKTA,"Ingles Markets, Incorporated - Class A Common Stock",NASDAQ,2026-09-30
IMMR,Immersion Corporation - Common Stock,NASDAQ,2026-09-30
IMMX,"Immix Biopharma, Inc. - Common Stock",NASDAQ,2026-09-30
IMNM,"Immunome, Inc. - Common Stock",NASDAQ,2026-09-30
IMO,Imperial Oil Limited Common Stock,AMEX,2026-09-30
IMOS,ChipMOS TECHNOLOGIES INC. - American Depositary Shares,NASDAQ,2026-09-30
IMPP,Imperial Petroleum Inc. - Common Shares,NASDAQ,2026-09-30
IMRX,Immuneering Corporation - Class A Common Stock,NASDAQ,2026-09-30
IMSR,Terrestrial Energy Inc. - Common Stock,NASDAQ,2026-09-30
IMTX,Immatics N.V. - Ordinary Shares,NASDAQ,2026-09-30
IMUX,"Immunic, Inc.  - Common Stock",NASDAQ,2026-09-30
IMVT,"Immunovant, Inc.  - Common Stock",NASDAQ,2026-09-30
IMXI,"International Money Express, Inc. - Common Stock",NASDAQ,2026-09-30
INBK,First Internet Bancorp - Common Stock,NASDAQ,2026-09-30
INBX,"Inhibrx Biosciences, Inc. - Common Stock",NASDAQ,2026-09-30
INCY,Incyte Corporation - Common Stock,NASDAQ,2026-09-30
INDB,Independent Bank Corp. - Common Stock,NASDAQ,2026-09-30
INDI,"indie Semiconductor, Inc. - Class A Common Stock",NASDAQ,2026-09-30
INDP,"Indaptus Therapeutics, Inc. - Common Stock",NASDAQ,2026-09-30
INDV,"Indivior Pharmaceuticals, Inc.  - Common Stock",NASDAQ,2026-09-30
INFQ,"Infleqtion, Inc. Common Stock",NYSE,2026-09-30
INFU,"InfuSystems Holdings, Inc. Common Stock",AMEX,2026-09-30
INFY,Infosys Limited American Depositary Shares,NYSE,2026-09-30
ING,"ING Group, N.V. Common Stock",NYSE,2026-09-30
INGM,Ingram Micro Holding Corporation Common Stock,NYSE,2026-09-30
INGN,"Inogen, Inc - Common Stock",NASDAQ,2026-09-30
INGR,Ingredion Incorporated Common Stock,NYSE,2026-09-30
INIO,INNIO N.V. - Ordinary Shares,NASDAQ,2026-09-30
INLF,INLIF LIMITED - Class A Ordinary shares,NASDAQ,2026-09-30
INMD,InMode Ltd.  - Ordinary Shares,NASDAQ,2026-09-30
INN,"Summit Hotel Properties, Inc. Common Stock",NYSE,2026-09-30
INNV,InnovAge Holding Corp. - Common Stock,NASDAQ,2026-09-30
INOD,Innodata Inc. - Common Stock,NASDAQ,2026-09-30
INR,"Infinity Natural Resources, Inc. Class A Common Stock",NYSE,2026-09-30
INSE,"Inspired Entertainment, Inc. - Common Stock",NASDAQ,2026-09-30
INSM,Insmed Incorporated - Common Stock,NASDAQ,2026-09-30
INSP,"Inspire Medical Systems, Inc. Common Stock",NYSE,2026-09-30
INSW,"International Seaways, Inc. Common Stock",NYSE,2026-09-30
INTA,"Intapp, Inc. - Common Stock",NASDAQ,2026-09-30
INTC,Intel Corporation - Common Stock,NASDAQ,2026-09-30
INTG,The Intergroup Corporation - Common Stock,NASDAQ,2026-09-30
INTR,Inter & Co. Inc. - Class A Common Shares,NASDAQ,2026-09-30
INTT,inTest Corporation Common Stock,AMEX,2026-09-30
INTU,Intuit Inc. - Common Stock,NASDAQ,2026-09-30
INVA,"Innoviva, Inc. - Common Stock",NASDAQ,2026-09-30
INVH,Invitation Homes Inc. Common Stock,NYSE,2026-09-30
INVX,"Innovex International, Inc. Common Stock",NYSE,2026-09-30
IOND,Ionic Digital Inc. - Class A Common Stock,NASDAQ,2026-09-30
IONQ,"IonQ, Inc. Common Stock",NYSE,2026-09-30
IONS,"Ionis Pharmaceuticals, Inc. - Common Stock",NASDAQ,2026-09-30
IOSP,Innospec Inc. - Common Stock,NASDAQ,2026-09-30
IOT,Samsara Inc. Class A Common Stock,NYSE,2026-09-30
IOVA,"Iovance Biotherapeutics, Inc. - Common Stock",NASDAQ,2026-09-30
IP,International Paper Company Common Stock,NYSE,2026-09-30
IPAR,"Interparfums, Inc. - Common Stock",NASDAQ,2026-09-30
IPDN,"Professional Diversity Network, Inc. - Common Stock",NASDAQ,2026-09-30
IPGP,IPG Photonics Corporation - Common Stock,NASDAQ,2026-09-30
IPI,"Intrepid Potash, Inc Common Stock",NYSE,2026-09-30
IPST,"IP Strategy Holdings, Inc. - Common Stock",NASDAQ,2026-09-30
IPX,IperionX Limited - American Depositary Share,NASDAQ,2026-09-30
IQI,Invesco Quality Municipal Income Trust Common Stock,NYSE,2026-09-30
IQMX,IQM Quantum Computers Oyj - American Depositary Shares,NASDAQ,2026-09-30
IQV,"IQVIA Holdings, Inc. Common Stock",NYSE,2026-09-30
IR,Ingersoll Rand Inc. Common Stock,NYSE,2026-09-30
IRD,"Opus Genetics, Inc. - Common Stock",NASDAQ,2026-09-30
IRDM,Iridium Communications Inc - Common Stock,NASDAQ,2026-09-30
IREN,IREN Limited - Ordinary Shares,NASDAQ,2026-09-30
IRM,Iron Mountain Incorporated (Delaware)Common Stock REIT,NYSE,2026-09-30
IRMD,iRadimed Corporation - Common Stock,NASDAQ,2026-09-30
IRON,"Disc Medicine, Inc. - Common Stock",NASDAQ,2026-09-30
IRS,IRSA Inversiones Y Representaciones S.A. Global Depositary Shares (Each representing ten shares of Common Stock),NYSE,2026-09-30
IRT,"Independence Realty Trust, Inc. Common Stock",NYSE,2026-09-30
IRTC,"iRhythm Holdings, Inc.  - Common Stock",NASDAQ,2026-09-30
IRWD,"Ironwood Pharmaceuticals, Inc. - Class A Common Stock",NASDAQ,2026-09-30
ISBA,Isabella Bank Corporation - Common stock,NASDAQ,2026-09-30
ISOU,IsoEnergy Ltd. Common Shares,AMEX,2026-09-30
ISRG,"Intuitive Surgical, Inc. - Common Stock",NASDAQ,2026-09-30
ISTR,Investar Holding Corporation - Common Stock,NASDAQ,2026-09-30
IT,"Gartner, Inc. Common Stock",NYSE,2026-09-30
ITG,"ITG, Inc. - Class A Common Stock",NASDAQ,2026-09-30
ITGR,Integer Holdings Corporation Common Stock,NYSE,2026-09-30
ITIC,Investors Title Company - Common Stock,NASDAQ,2026-09-30
ITRG,Integra Resources Corp. Common Shares,AMEX,2026-09-30
ITRI,"Itron, Inc. - Common Stock",NASDAQ,2026-09-30
ITRN,Ituran Location and Control Ltd. - Ordinary Shares,NASDAQ,2026-09-30
ITT,ITT Inc. Common Stock,NYSE,2026-09-30
ITW,Illinois Tool Works Inc. Common Stock,NYSE,2026-09-30
IVA,Inventiva S.A. - American Depository Shares,NASDAQ,2026-09-30
IVR,INVESCO MORTGAGE CAPITAL INC Common Stock,NYSE,2026-09-30
IVT,InvenTrust Properties Corp. Common Stock,NYSE,2026-09-30
IVZ,Invesco Ltd Common Stock,NYSE,2026-09-30
IX,ORIX Corporation American Depositary Shares,NYSE,2026-09-30
J,Jacobs Solutions Inc. Common Stock,NYSE,2026-09-30
JACK,Jack In The Box Inc. - Common Stock,NASDAQ,2026-09-30
JAGX,"Jaguar Health, Inc. - Common Stock",NASDAQ,2026-09-30
JAKK,"JAKKS Pacific, Inc. - Common Stock",NASDAQ,2026-09-30
JAN,"Janus Living, Inc. Class A-1 Common Stock",NYSE,2026-09-30
JANX,"Janux Therapeutics, Inc. - Common Stock",NASDAQ,2026-09-30
JAZZ,Jazz Pharmaceuticals plc - Ordinary Shares,NASDAQ,2026-09-30
JBGS,JBG SMITH Properties Common Shares,NYSE,2026-09-30
JBHT,"J.B. Hunt Transport Services, Inc. - Common Stock",NASDAQ,2026-09-30
JBI,"Janus International Group, Inc. Common Stock",NYSE,2026-09-30
JBIO,"Jade Biosciences, Inc. - Common Stock",NASDAQ,2026-09-30
JBL,Jabil Inc. Common Stock,NYSE,2026-09-30
JBLU,JetBlue Airways Corporation - Common Stock,NASDAQ,2026-09-30
JBS,JBS N.V. Class A Common Shares,NYSE,2026-09-30
JBSS,"John B. Sanfilippo & Son, Inc. - Common Stock",NASDAQ,2026-09-30
JBTM,JBT Marel Corporation Common Stock,NYSE,2026-09-30
JCAP,"Jefferson Capital, Inc. - Common Stock",NASDAQ,2026-09-30
JCI,Johnson Controls International plc Ordinary Share,NYSE,2026-09-30
JD,"JD.com, Inc. - American Depositary Shares",NASDAQ,2026-09-30
JDZG,JIADE LIMITED - Class A Ordinary Shares,NASDAQ,2026-09-30
JEF,Jefferies Financial Group Inc. Common Stock,NYSE,2026-09-30
JHX,James Hardie Industries plc. Ordinary Shares,NYSE,2026-09-30
JILL,"J. Jill, Inc. Common Stock",NYSE,2026-09-30
JJSF,J & J Snack Foods Corp. - Common Stock,NASDAQ,2026-09-30
JKHY,"Jack Henry & Associates, Inc. - Common Stock",NASDAQ,2026-09-30
JKS,JinkoSolar Holding Company Limited American Depositary Shares (each representing 4 Common Shares),NYSE,2026-09-30
JLHL,Julong Holding Limited - Class A Ordinary Shares,NASDAQ,2026-09-30
JLL,Jones Lang LaSalle Incorporated Common Stock,NYSE,2026-09-30
JMIA,"Jumia Technologies AG American Depositary Shares, each representing two Ordinary Shares",NYSE,2026-09-30
JMKE,Jersey Mike's Subs Inc. Class A Common Stock,NYSE,2026-09-30
JMSB,"John Marshall Bancorp, Inc. - Common Stock",NASDAQ,2026-09-30
JNJ,Johnson & Johnson Common Stock,NYSE,2026-09-30
JOBY,"Joby Aviation, Inc. Common Stock",NYSE,2026-09-30
JOE,St. Joe Company (The) Common Stock,NYSE,2026-09-30
JOUT,Johnson Outdoors Inc. - Class A Common Stock,NASDAQ,2026-09-30
JOYY,JOYY Inc. - American Depositary Shares,NASDAQ,2026-09-30
JPM,JP Morgan Chase & Co. Common Stock,NYSE,2026-09-30
JRVR,"James River Group Holdings, Inc. - Common Stock",NASDAQ,2026-09-30
JXN,Jackson Financial Inc. Class A Common Stock,NYSE,2026-09-30
KAI,Kadant Inc Common Stock,NYSE,2026-09-30
KALU,Kaiser Aluminum Corporation - Common Stock,NASDAQ,2026-09-30
KARD,"Kardigan, Inc. - Common Stock",NASDAQ,2026-09-30
KARO,Karooooo Ltd. - Ordinary shares,NASDAQ,2026-09-30
KB,KB Financial Group Inc,NYSE,2026-09-30
KBDC,"Kayne Anderson BDC, Inc. Common Stock",NYSE,2026-09-30
KBH,KB Home Common Stock,NYSE,2026-09-30
KBR,"KBR, Inc. Common Stock",NYSE,2026-09-30
KC,Kingsoft Cloud Holdings Limited - American Depositary Shares,NASDAQ,2026-09-30
KD,"Kyndryl Holdings, Inc. Common Stock",NYSE,2026-09-30
KDP,Keurig Dr Pepper Inc. - Common Stock,NASDAQ,2026-09-30
KE,"Kimball Electronics, Inc. - Common Stock",NASDAQ,2026-09-30
KEEL,Keel Infrastructure Corp. - Common Stock,NASDAQ,2026-09-30
KELYA,"Kelly Services, Inc. - Class A Common Stock",NASDAQ,2026-09-30
KEP,Korea Electric Power Corporation Common Stock,NYSE,2026-09-30
KEX,Kirby Corporation Common Stock,NYSE,2026-09-30
KEY,KeyCorp Common Stock,NYSE,2026-09-30
KEYS,Keysight Technologies Inc. Common Stock,NYSE,2026-09-30
KFRC,"Kforce, Inc. Common Stock",NYSE,2026-09-30
KFY,Korn Ferry Common Stock,NYSE,2026-09-30
KGC,Kinross Gold Corporation Common Stock,NYSE,2026-09-30
KGEI,Kolibri Global Energy Inc. - Common stock,NASDAQ,2026-09-30
KGS,"Kodiak Gas Services, Inc. Common Stock",NYSE,2026-09-30
KHC,The Kraft Heinz Company Common Stock,NYSE,2026-09-30
KIDS,OrthoPediatrics Corp. - Common Stock,NASDAQ,2026-09-30
KIDZ,KIDZ AI Inc. - Class B Common Stock,NASDAQ,2026-09-30
KIM,Kimco Realty Corporation (HC) Common Stock,NYSE,2026-09-30
KINS,"Kingstone Companies, Inc - Common Stock",NASDAQ,2026-09-30
KKR,KKR & Co. Inc. Common Stock,NYSE,2026-09-30
KLAC,KLA Corporation  - Common Stock,NASDAQ,2026-09-30
KLAR,Klarna Group plc Ordinary Shares,NYSE,2026-09-30
KLIC,"Kulicke and Soffa Industries, Inc. - Common Stock",NASDAQ,2026-09-30
KLRA,"Kailera Therapeutics, Inc. - Common stock",NASDAQ,2026-09-30
KMB,Kimberly-Clark Corporation - Common Stock,NASDAQ,2026-09-30
KMDA,Kamada Ltd. - Ordinary Shares,NASDAQ,2026-09-30
KMI,"Kinder Morgan, Inc. Common Stock",NYSE,2026-09-30
KMPR,Kemper Corporation,NYSE,2026-09-30
KMT,Kennametal Inc. Common Stock,NYSE,2026-09-30
KMTS,"Kestra Medical Technologies, Ltd. - Common Stock",NASDAQ,2026-09-30
KMX,CarMax Inc,NYSE,2026-09-30
KN,Knowles Corporation Common Stock,NYSE,2026-09-30
KNF,Knife Riv Holding Co. Common Stock,NYSE,2026-09-30
KNSA,"Kiniksa Pharmaceuticals International, plc - Class A Ordinary Shares",NASDAQ,2026-09-30
KNSL,"Kinsale Capital Group, Inc. Common Stock",NYSE,2026-09-30
KNTK,Kinetik Holdings Inc. Class A Common Stock,NYSE,2026-09-30
KNX,Knight-Swift Transportation Holdings Inc.,NYSE,2026-09-30
KO,Coca-Cola Company (The) Common Stock,NYSE,2026-09-30
KOD,Kodiak Sciences Inc - Common Stock,NASDAQ,2026-09-30
KODK,Eastman Kodak Company Common New,NYSE,2026-09-30
KOP,Koppers Holdings Inc. Common Stock,NYSE,2026-09-30
KOPN,Kopin Corporation - Common Stock,NASDAQ,2026-09-30
KOS,Kosmos Energy Ltd. Common Shares (DE),NYSE,2026-09-30
KPLT,"Katapult Holdings, Inc. - Common Stock",NASDAQ,2026-09-30
KR,Kroger Company (The) Common Stock,NYSE,2026-09-30
KRC,Kilroy Realty Corporation Common Stock,NYSE,2026-09-30
KREF,KKR Real Estate Finance Trust Inc. Common Stock,NYSE,2026-09-30
KRG,Kite Realty Group Trust Common Stock,NYSE,2026-09-30
KRMN,Karman Holdings Inc. Common Stock,NYSE,2026-09-30
KRNT,Kornit Digital Ltd. - Ordinary Shares,NASDAQ,2026-09-30
KRNY,Kearny Financial - Common Stock,NASDAQ,2026-09-30
KRO,Kronos Worldwide Inc Common Stock,NYSE,2026-09-30
KROS,"Keros Therapeutics, Inc. - common stock",NASDAQ,2026-09-30
KRRO,"Korro Bio, Inc. - Common Stock",NASDAQ,2026-09-30
KRSA,"Korsana Biosciences, Inc. - Common Stock",NASDAQ,2026-09-30
KRT,Karat Packaging Inc. - Common Stock,NASDAQ,2026-09-30
KRUS,"Kura Sushi USA, Inc. - Class A Common Stock",NASDAQ,2026-09-30
KRYS,"Krystal Biotech, Inc. - Common Stock",NASDAQ,2026-09-30
KSPI,Joint Stock Company Kaspi.kz - American Depository Shares,NASDAQ,2026-09-30
KSS,Kohl's Corporation Common Stock,NYSE,2026-09-30
KT,KT Corporation Common Stock,NYSE,2026-09-30
KTB,"Kontoor Brands, Inc. Common Stock",NYSE,2026-09-30
KTF,DWS Municipal Income Trust,NYSE,2026-09-30
KTOS,"Kratos Defense & Security Solutions, Inc. - Common Stock",NASDAQ,2026-09-30
KULR,"KULR Technology Group, Inc. Common Stock",AMEX,2026-09-30
KURA,"Kura Oncology, Inc. - Common Stock",NASDAQ,2026-09-30
KVUE,Kenvue Inc. Common Stock,NYSE,2026-09-30
KVYO,"Klaviyo, Inc. Series A Common Stock",NYSE,2026-09-30
KWR,Quaker Houghton Common Stock,NYSE,2026-09-30
KYIV,Kyivstar Group Ltd. - Common Shares,NASDAQ,2026-09-30
KYMR,"Kymera Therapeutics, Inc. - Common Stock",NASDAQ,2026-09-30
KYTX,"Kyverna Therapeutics, Inc. - Common Stock",NASDAQ,2026-09-30
KZIA,Kazia Therapeutics Limited - American Depositary Shares,NASDAQ,2026-09-30
L,Loews Corporation Common Stock,NYSE,2026-09-30
LAC,Lithium Americas Corp. Common Shares,NYSE,2026-09-30
LAD,"Lithia Motors, Inc. Common Stock",NYSE,2026-09-30
LADR,Ladder Capital Corp Class A Common Stock,NYSE,2026-09-30
LAES,SEALSQ Corp - Ordinary Shares,NASDAQ,2026-09-30
LAMR,Lamar Advertising Company - Class A Common Stock,NASDAQ,2026-09-30
LAND,Gladstone Land Corporation - Common Stock,NASDAQ,2026-09-30
LAR,Lithium Argentina AG Common Shares,NYSE,2026-09-30
LASR,"nLIGHT, Inc. - Common Stock",NASDAQ,2026-09-30
LAUR,"Laureate Education, Inc. - Common Stock",NASDAQ,2026-09-30
LAZ,"Lazard, Inc. Common Stock",NYSE,2026-09-30
LB,LandBridge Company LLC Class A Shares Representing Limited Liability Company Interests,NYSE,2026-09-30
LBGJ,Li Bang International Corporation Inc. - Class A Ordinary Shares,NASDAQ,2026-09-30
LBRT,Liberty Energy Inc. Class A common stock,NYSE,2026-09-30
LBRX,LB Pharmaceuticals Inc - Common Stock,NASDAQ,2026-09-30
LBTYA,Liberty Global Ltd. - Class A Common Shares,NASDAQ,2026-09-30
LBTYK,Liberty Global Ltd. - Class C Common Shares,NASDAQ,2026-09-30
LCID,"Lucid Group, Inc. - Common Stock",NASDAQ,2026-09-30
LCII,LCI Industries,NYSE,2026-09-30
LCLN,"Lincoln International, Inc. Class A Common Stock",NYSE,2026-09-30
LCUT,"Lifetime Brands, Inc. - Common Stock",NASDAQ,2026-09-30
LDOS,"Leidos Holdings, Inc. Common Stock",NYSE,2026-09-30
LE,"Lands' End, Inc. - Common Stock",NASDAQ,2026-09-30
LEA,Lear Corporation Common Stock,NYSE,2026-09-30
LECO,"Lincoln Electric Holdings, Inc. - Common Shares",NASDAQ,2026-09-30
LEGH,Legacy Housing Corporation - Common Stock,NASDAQ,2026-09-30
LEGN,Legend Biotech Corporation - American Depositary Shares,NASDAQ,2026-09-30
LEN,Lennar Corporation Class A Common Stock,NYSE,2026-09-30
LEN-B,Lennar Corporation Class B,NYSE,2026-09-30
LENZ,"LENZ Therapeutics, Inc. - Common Stock",NASDAQ,2026-09-30
LEO,"BNY Mellon Strategic Municipals, Inc. Common Stock",NYSE,2026-09-30
LEU,Centrus Energy Corp. Class A Common Stock,NYSE,2026-09-30
LEVI,Levi Strauss & Co Class A Common Stock,NYSE,2026-09-30
LFCR,"Lifecore Biomedical, Inc. - Common Stock",NASDAQ,2026-09-30
LFMD,"LifeMD, Inc. - Common Stock",NASDAQ,2026-09-30
LFST,"LifeStance Health Group, Inc. - Common Stock",NASDAQ,2026-09-30
LFTO,"Liftoff Mobile, Inc. - Common Stock",NASDAQ,2026-09-30
LFUS,"Littelfuse, Inc. - Common Stock",NASDAQ,2026-09-30
LGHL,Lion Group Holding Ltd. - American Depositary Share,NASDAQ,2026-09-30
LGIH,"LGI Homes, Inc. - Common Stock",NASDAQ,2026-09-30
LGN,Legence Corp. - Class A Common stock,NASDAQ,2026-09-30
LGND,Ligand Pharmaceuticals Incorporated - Common Stock,NASDAQ,2026-09-30
LH,Labcorp Holdings Inc. Common Stock,NYSE,2026-09-30
LHX,"L3Harris Technologies, Inc. Common Stock",NYSE,2026-09-30
LI,Li Auto Inc. - American Depositary Shares,NASDAQ,2026-09-30
LIF,"Life360, Inc. - Common Stock",NASDAQ,2026-09-30
LIFE,Ethos Technologies Inc. - Class A Common Stock,NASDAQ,2026-09-30
LII,"Lennox International, Inc. Common Stock",NYSE,2026-09-30
LILA,Liberty Latin America Ltd. - Class A Common Stock,NASDAQ,2026-09-30
LILAK,Liberty Latin America Ltd. - Class C Common Stock,NASDAQ,2026-09-30
LILAP,Liberty Latin America Ltd. - 9.0% Fixed Rate Cumulative Perpetual Redeemable Series A Preference Shares,NASDAQ,2026-09-30
LIME,"Neutron Holdings, Inc. - Common Stock",NASDAQ,2026-09-30
LIN,Linde plc - Ordinary Shares,NASDAQ,2026-09-30
LINC,Lincoln Educational Services Corporation - Common Stock,NASDAQ,2026-09-30
LIND,Lindblad Expeditions Holdings Inc.  - Common Stock,NASDAQ,2026-09-30
LINE,"Lineage, Inc. - Common Stock",NASDAQ,2026-09-30
LION,Lionsgate Studios Corp Common Shares,NYSE,2026-09-30
LITE,Lumentum Holdings Inc. - Common Stock,NASDAQ,2026-09-30
LIVN,LivaNova PLC - Ordinary Shares,NASDAQ,2026-09-30
LKFN,Lakeland Financial Corporation - Common Stock,NASDAQ,2026-09-30
LKFT,Lakefront Biotherapeutics - American Depositary Shares,NASDAQ,2026-09-30
LKQ,LKQ Corporation - Common Stock,NASDAQ,2026-09-30
LLY,Eli Lilly and Company Common Stock,NYSE,2026-09-30
LLYVA,"Liberty Live Holdings, Inc. - Series A Liberty Live Group Common Stock",NASDAQ,2026-09-30
LLYVK,"Liberty Live Holdings, Inc. - Series C Liberty Live Group Common Stock",NASDAQ,2026-09-30
LMAT,"LeMaitre Vascular, Inc. - Common Stock",NASDAQ,2026-09-30
LMB,"Limbach Holdings, Inc. - Common Stock",NASDAQ,2026-09-30
LMND,"Lemonade, Inc. Common Stock",NYSE,2026-09-30
LMNR,Limoneira Co - Common Stock,NASDAQ,2026-09-30
LMRI,"Lumexa Imaging Holdings, Inc. - Common Stock",NASDAQ,2026-09-30
LMT,Lockheed Martin Corporation Common Stock,NYSE,2026-09-30
LNC,Lincoln National Corporation Common Stock,NYSE,2026-09-30
LNG,"Cheniere Energy, Inc. Common Stock",NYSE,2026-09-30
LNN,Lindsay Corporation Common Stock,NYSE,2026-09-30
LNT,Alliant Energy Corporation - Common Stock,NASDAQ,2026-09-30
LNTH,"Lantheus Holdings, Inc. - Common Stock",NASDAQ,2026-09-30
LOAR,Loar Holdings Inc. Common Stock,NYSE,2026-09-30
LOB,"Live Oak Bancshares, Inc. Common Stock",NYSE,2026-09-30
LOCO,"El Pollo Loco Holdings, Inc. - Common Stock",NASDAQ,2026-09-30
LODE,Comstock Inc. Common Stock,AMEX,2026-09-30
LOGI,Logitech International S.A. - Registered Shares,NASDAQ,2026-09-30
LOMA,Loma Negra Compania Industrial Argentina Sociedad Anonima ADS,NYSE,2026-09-30
LOPE,"Grand Canyon Education, Inc. - Common Stock",NASDAQ,2026-09-30
LOVE,The Lovesac Company - Common Stock,NASDAQ,2026-09-30
LOW,"Lowe's Companies, Inc. Common Stock",NYSE,2026-09-30
LPG,Dorian LPG Ltd. Common Stock,NYSE,2026-09-30
LPL,"LG Display Co, Ltd AMERICAN DEPOSITORY SHARES",NYSE,2026-09-30
LPLA,LPL Financial Holdings Inc. - Common Stock,NASDAQ,2026-09-30
LPTH,"LightPath Technologies, Inc. - Class A Common Stock",NASDAQ,2026-09-30
LPX,Louisiana-Pacific Corporation Common Stock,NYSE,2026-09-30
LQDA,Liquidia Corporation - Common Stock,NASDAQ,2026-09-30
LQDT,"Liquidity Services, Inc. - Common Stock",NASDAQ,2026-09-30
LRCX,Lam Research Corporation - Common Stock,NASDAQ,2026-09-30
LRMR,"Larimar Therapeutics, Inc. - Common Stock",NASDAQ,2026-09-30
LRN,"Stride, Inc. Common Stock",NYSE,2026-09-30
LSCC,Lattice Semiconductor Corporation - Common Stock,NASDAQ,2026-09-30
LSPD,Lightspeed Commerce Inc. Subordinate Voting Shares,NYSE,2026-09-30
LSTR,"Landstar System, Inc. - Common Stock",NASDAQ,2026-09-30
LTBR,Lightbridge Corporation - Common Stock,NASDAQ,2026-09-30
LTC,"LTC Properties, Inc. Common Stock",NYSE,2026-09-30
LTGO,"Latigo Biotherapeutics, Inc. - Common Stock",NASDAQ,2026-09-30
LTH,"Life Time Group Holdings, Inc. Common Stock",NYSE,2026-09-30
LTM,"LATAM Airlines Group S.A. American Depositary Shares (each representing two thousand (2,000) shares of Common Stock)",NYSE,2026-09-30
LTRX,"Lantronix, Inc. - Common Stock",NASDAQ,2026-09-30
LULU,lululemon athletica inc. - Common Stock,NASDAQ,2026-09-30
LUMN,"Lumen Technologies, Inc. Common Stock",NYSE,2026-09-30
LUNR,"Intuitive Machines, Inc. - Class A Common Stock",NASDAQ,2026-09-30
LUV,Southwest Airlines Company Common Stock,NYSE,2026-09-30
LUXE,"LuxExperience B.V. American Depositary Shares, each representing one Ordinary Share",NYSE,2026-09-30
LVS,Las Vegas Sands Corp. Common Stock,NYSE,2026-09-30
LW,"Lamb Weston Holdings, Inc. Common Stock",NYSE,2026-09-30
LWAY,"Lifeway Foods, Inc. - Common Stock",NASDAQ,2026-09-30
LWLG,"Lightwave Logic, Inc. - Common Stock",NASDAQ,2026-09-30
LXEO,"Lexeo Therapeutics, Inc. - Common Stock",NASDAQ,2026-09-30
LXFR,Luxfer Holdings PLC Ordinary Shares,NYSE,2026-09-30
LXP,LXP Industrial Trust Common Stock (Maryland REIT),NYSE,2026-09-30
LXU,"LSB Industries, Inc. Common Stock",NYSE,2026-09-30
LYB,LyondellBasell Industries NV Ordinary Shares Class A (Netherlands),NYSE,2026-09-30
LYEL,"Lyell Immunopharma, Inc. - Common Stock",NASDAQ,2026-09-30
LYFT,"Lyft, Inc. - Class A Common Stock",NASDAQ,2026-09-30
LYG,Lloyds Banking Group Plc American Depositary Shares,NYSE,2026-09-30
LYNX,Lyntris Inc. Common Stock,NYSE,2026-09-30
LYTS,LSI Industries Inc. - Common Stock,NASDAQ,2026-09-30
LYV,"Live Nation Entertainment, Inc. Common Stock",NYSE,2026-09-30
LZ,"LegalZoom.com, Inc. - Common Stock",NASDAQ,2026-09-30
LZB,La-Z-Boy Incorporated Common Stock,NYSE,2026-09-30
LZM,Lifezone Metals Limited Ordinary Shares,NYSE,2026-09-30
M,Macy's Inc Common Stock,NYSE,2026-09-30
MA,Mastercard Incorporated Common Stock,NYSE,2026-09-30
MAA,"Mid-America Apartment Communities, Inc. Common Stock",NYSE,2026-09-30
MAAS,Maase Inc. - Class A Ordinary Shares,NASDAQ,2026-09-30
MAC,Macerich Company (The) Common Stock,NYSE,2026-09-30
MAGN,Magnera Corporation Common Stock,NYSE,2026-09-30
MAIN,Main Street Capital Corporation Common Stock,NYSE,2026-09-30
MAIR,Madison Air Solutions Corporation Class A Common Stock,NYSE,2026-09-30
MAKO,Mako Mining Corp - Common Stock,NASDAQ,2026-09-30
MAMA,"Mama's Creations, Inc. - Common Stock",NASDAQ,2026-09-30
MAN,ManpowerGroup Common Stock,NYSE,2026-09-30
MANE,"Veradermics, Incorporated Common Stock",NYSE,2026-09-30
MANH,"Manhattan Associates, Inc. - Common Stock",NASDAQ,2026-09-30
MANU,Manchester United Ltd. Class A Ordinary Shares,NYSE,2026-09-30
MAR,Marriott International - Class A Common Stock,NASDAQ,2026-09-30
MARA,"MARA Holdings, Inc. - Common Stock",NASDAQ,2026-09-30
MAS,Masco Corporation Common Stock,NYSE,2026-09-30
MASS,908 Devices Inc. - Common Stock,NASDAQ,2026-09-30
MAT,"Mattel, Inc. - Common Stock",NASDAQ,2026-09-30
MATV,"Mativ Holdings, Inc. Common Stock",NYSE,2026-09-30
MATW,Matthews International Corporation - Class A Common Stock,NASDAQ,2026-09-30
MATX,"Matson, Inc. Common Stock",NYSE,2026-09-30
MAX,"MediaAlpha, Inc. Class A Common Stock",NYSE,2026-09-30
MAZE,"Maze Therapeutics, Inc. - Common Stock",NASDAQ,2026-09-30
MBC,"MasterBrand, Inc. Common Stock",NYSE,2026-09-30
MBGL,Mobility Global Inc. Common Stock,NYSE,2026-09-30
MBI,MBIA Inc. Common Stock,NYSE,2026-09-30
MBIN,Merchants Bancorp - Common Stock,NASDAQ,2026-09-30
MBLY,Mobileye Global Inc. - Class A Common Stock,NASDAQ,2026-09-30
MBUU,"Malibu Boats, Inc. - Common Stock",NASDAQ,2026-09-30
MBWM,Mercantile Bank Corporation - Common Stock,NASDAQ,2026-09-30
MBX,"MBX Biosciences, Inc. - Common Stock",NASDAQ,2026-09-30
MC,Moelis & Company Class A Common Stock,NYSE,2026-09-30
MCB,Metropolitan Bank Holding Corp. Common Stock,NYSE,2026-09-30
MCBS,"MetroCity Bankshares, Inc. - Common Stock",NASDAQ,2026-09-30
MCD,McDonald's Corporation Common Stock,NYSE,2026-09-30
MCFT,"MasterCraft Boat Holdings, Inc. - Common Stock",NASDAQ,2026-09-30
MCHB,Mechanics Bancorp - Class A Common Stock,NASDAQ,2026-09-30
MCHP,Microchip Technology Incorporated - Common Stock,NASDAQ,2026-09-30
MCK,McKesson Corporation Common Stock,NYSE,2026-09-30
MCO,Moody's Corporation Common Stock,NYSE,2026-09-30
MCRI,"Monarch Casino & Resort, Inc. - Common Stock",NASDAQ,2026-09-30
MCS,Marcus Corporation (The) Common Stock,NYSE,2026-09-30
MCY,Mercury General Corporation Common Stock,NYSE,2026-09-30
MD,"Pediatrix Medical Group, Inc. Common Stock",NYSE,2026-09-30
MDA,MDA Space Ltd. Common Shares,NYSE,2026-09-30
MDB,"MongoDB, Inc. - Class A Common Stock",NASDAQ,2026-09-30
MDGL,"Madrigal Pharmaceuticals, Inc. - Common Stock",NASDAQ,2026-09-30
MDLN,Medline Inc. - Class A common stock,NASDAQ,2026-09-30
MDLZ,"Mondelez International, Inc. - Class A Common Stock",NASDAQ,2026-09-30
MDT,Medtronic plc. Ordinary Shares,NYSE,2026-09-30
MDU,"MDU Resources Group, Inc. Common Stock (Holding Company)",NYSE,2026-09-30
MDWD,MediWound Ltd. - Ordinary Shares,NASDAQ,2026-09-30
MDXG,"MiMedx Group, Inc - Common Stock",NASDAQ,2026-09-30
MEC,"Mayville Engineering Company, Inc. Common Stock",NYSE,2026-09-30
MED,MEDIFAST INC Common Stock,NYSE,2026-09-30
MEDP,"Medpace Holdings, Inc. - Common Stock",NASDAQ,2026-09-30
MEDS,"DataMeds AI, Inc. - Common Stock",NASDAQ,2026-09-30
MEI,"Methode Electronics, Inc. Common Stock",NYSE,2026-09-30
MELI,"MercadoLibre, Inc. - Common Stock",NASDAQ,2026-09-30
MEOH,Methanex Corporation - Common Stock,NASDAQ,2026-09-30
MESO,Mesoblast Limited - American Depositary Shares,NASDAQ,2026-09-30
MET,"MetLife, Inc. Common Stock",NYSE,2026-09-30
META,"Meta Platforms, Inc. - Class A Common Stock",NASDAQ,2026-09-30
METC,"Ramaco Resources, Inc. - Class A Common Stock",NASDAQ,2026-09-30
MF,MindForge Inc. - Class A Ordinary Shares,NASDAQ,2026-09-30
MFA,"MFA Financial, Inc.",NYSE,2026-09-30
MFC,Manulife Financial Corporation Common Stock,NYSE,2026-09-30
MFG,"Mizuho Financial Group, Inc. Sponosred ADR (Japan)",NYSE,2026-09-30
MFP,"Midera Food Processing, Inc. - Common Stock",NASDAQ,2026-09-30
MG,Mistras Group Inc Common Stock,NYSE,2026-09-30
MGA,"Magna International, Inc. Common Stock",NYSE,2026-09-30
MGEE,MGE Energy Inc. - Common Stock,NASDAQ,2026-09-30
MGM,MGM Resorts International Common Stock,NYSE,2026-09-30
MGN,Megan Holdings Limited - Class A Ordinary Shares,NASDAQ,2026-09-30
MGNI,"Magnite, Inc. - Common Stock",NASDAQ,2026-09-30
MGNX,"MacroGenics, Inc. - Common Stock",NASDAQ,2026-09-30
MGPI,"MGP Ingredients, Inc. - Common Stock",NASDAQ,2026-09-30
MGRC,McGrath RentCorp - Common Stock,NASDAQ,2026-09-30
MGTX,MeiraGTx Holdings plc - Ordinary Shares,NASDAQ,2026-09-30
MGY,Magnolia Oil & Gas Corporation Class A Common Stock,NYSE,2026-09-30
MH,"McGraw Hill, Inc. Common Stock",NYSE,2026-09-30
MHK,"Mohawk Industries, Inc. Common Stock",NYSE,2026-09-30
MHO,"M/I Homes, Inc. Common Stock",NYSE,2026-09-30
MIAX,"Miami International Holdings, Inc. Common Stock",NYSE,2026-09-30
MICC,The Magnum Ice Cream Company N.V. Ordinary Shares,NYSE,2026-09-30
MIDD,The Middleby Corporation - Common Stock,NASDAQ,2026-09-30
MIR,"Mirion Technologies, Inc. Class A Common Stock",NYSE,2026-09-30
MIRM,"Mirum Pharmaceuticals, Inc. - common stock",NASDAQ,2026-09-30
MITK,"Mitek Systems, Inc. - Common Stock",NASDAQ,2026-09-30
MITT,"TPG Mortgage Investment Trust, Inc. Common Stock",NYSE,2026-09-30
MKC,"McCormick & Company, Incorporated Common Stock",NYSE,2026-09-30
MKC-V,"McCormick & Company, Incorporated Common Stock",NYSE,2026-09-30
MKL,Markel Group Inc. Common Stock,NYSE,2026-09-30
MKSI,MKS Inc. - Common Stock,NASDAQ,2026-09-30
MKTX,"MarketAxess Holdings, Inc. - Common Stock",NASDAQ,2026-09-30
MLAB,"Mesa Laboratories, Inc. - Common Stock",NASDAQ,2026-09-30
MLCO,Melco Resorts & Entertainment Limited - American Depositary Shares,NASDAQ,2026-09-30
MLI,"Mueller Industries, Inc. Common Stock",NYSE,2026-09-30
MLKN,"MillerKnoll, Inc. - Common Stock",NASDAQ,2026-09-30
MLM,"Martin Marietta Materials, Inc. Common Stock",NYSE,2026-09-30
MLR,"Miller Industries, Inc. Common Stock",NYSE,2026-09-30
MLTX,MoonLake Immunotherapeutics - Class A Ordinary Shares,NASDAQ,2026-09-30
MLYS,"Mineralys Therapeutics, Inc. - Common Stock",NASDAQ,2026-09-30
MMED,"MiniMed Group, Inc. - Common Stock",NASDAQ,2026-09-30
MMI,"Marcus & Millichap, Inc. Common Stock",NYSE,2026-09-30
MMM,3M Company Common Stock,NYSE,2026-09-30
MMS,"Maximus, Inc. Common Stock",NYSE,2026-09-30
MMSI,"Merit Medical Systems, Inc. - Common Stock",NASDAQ,2026-09-30
MMYT,MakeMyTrip Limited - Ordinary Shares,NASDAQ,2026-09-30
MNDY,monday.com Ltd. - Ordinary Shares,NASDAQ,2026-09-30
MNKD,MannKind Corporation - Common Stock,NASDAQ,2026-09-30
MNPR,Monopar Therapeutics Inc. - Common Stock,NASDAQ,2026-09-30
MNRO,"Monro, Inc.  - Common Stock",NASDAQ,2026-09-30
MNSO,"MINISO Group Holding Limited American Depositary Shares, each representing four Ordinary Shares",NYSE,2026-09-30
MNST,Monster Beverage Corporation - Common Stock,NASDAQ,2026-09-30
MNTK,"Montauk Renewables, Inc. - Common Stock",NASDAQ,2026-09-30
MNTN,"MNTN, Inc. Class A Common Stock",NYSE,2026-09-30
MNTS,Momentus Inc. - Class A Common Stock,NASDAQ,2026-09-30
MO,"Altria Group, Inc.",NYSE,2026-09-30
MOBI,"Mobia Medical, Inc. - Common Stock",NASDAQ,2026-09-30
MOD,Modine Manufacturing Company Common Stock,NYSE,2026-09-30
MOG-A,Moog Inc. Class A Common Stock,NYSE,2026-09-30
MOH,Molina Healthcare Inc Common Stock,NYSE,2026-09-30
MOMO,Hello Group Inc.  - American Depositary Shares,NASDAQ,2026-09-30
MORN,"Morningstar, Inc. - Common Stock",NASDAQ,2026-09-30
MOS,Mosaic Company (The) Common Stock,NYSE,2026-09-30
MOV,Movado Group Inc. Common Stock,NYSE,2026-09-30
MOVE,"Corvex, Inc. - Common Stock",NASDAQ,2026-09-30
MP,MP Materials Corp. Common Stock,NYSE,2026-09-30
MPAA,"Motorcar Parts of America, Inc. - Common Stock",NASDAQ,2026-09-30
MPB,Mid Penn Bancorp - Common Stock,NASDAQ,2026-09-30
MPC,Marathon Petroleum Corporation Common Stock,NYSE,2026-09-30
MPLT,"MapLight Therapeutics, Inc. - Common Stock",NASDAQ,2026-09-30
MPT,"Medical Properties Trust, Inc. common stock",NYSE,2026-09-30
MPTI,"M-tron Industries, Inc. Common Stock",AMEX,2026-09-30
MPWR,"Monolithic Power Systems, Inc. - Common Stock",NASDAQ,2026-09-30
MQ,"Marqeta, Inc. - Class A Common Stock",NASDAQ,2026-09-30
MRAM,"Everspin Technologies, Inc. - Common Stock",NASDAQ,2026-09-30
MRBK,Meridian Corporation - Common Stock,NASDAQ,2026-09-30
MRCY,Mercury Systems Inc - Common Stock,NASDAQ,2026-09-30
MRK,"Merck & Company, Inc. Common Stock (new)",NYSE,2026-09-30
MRNA,"Moderna, Inc. - Common Stock",NASDAQ,2026-09-30
MRP,"Millrose Properties, Inc. Class A Common Stock",NYSE,2026-09-30
MRSH,Marsh Common Stock,NYSE,2026-09-30
MRTN,"Marten Transport, Ltd. - Common Stock",NASDAQ,2026-09-30
MRVI,"Maravai LifeSciences Holdings, Inc. - Class A common stock",NASDAQ,2026-09-30
MRVL,"Marvell Technology, Inc. - Common Stock",NASDAQ,2026-09-30
MRX,Marex Group Limited - Ordinary Shares,NASDAQ,2026-09-30
MS,Morgan Stanley Common Stock,NYSE,2026-09-30
MSA,MSA Safety Incorporated Common Stock,NYSE,2026-09-30
MSBI,"Midland States Bancorp, Inc. - Common Stock",NASDAQ,2026-09-30
MSCI,MSCI Inc. Common Stock,NYSE,2026-09-30
MSEX,Middlesex Water Company - Common Stock,NASDAQ,2026-09-30
MSFT,Microsoft Corporation - Common Stock,NASDAQ,2026-09-30
MSGE,Madison Square Garden Entertainment Corp. Class A Common Stock,NYSE,2026-09-30
MSGS,Madison Square Garden Sports Corp. Class A Common Stock (New),NYSE,2026-09-30
MSGY,Masonglory Limited - Class A Ordinary Shares,NASDAQ,2026-09-30
MSI,"Motorola Solutions, Inc. Common Stock",NYSE,2026-09-30
MSM,"MSC Industrial Direct Company, Inc. Common Stock",NYSE,2026-09-30
MSTR,Strategy Inc - Class A Common Stock,NASDAQ,2026-09-30
MT,Arcelor Mittal NY Registry Shares NEW,NYSE,2026-09-30
MTA,Metalla Royalty & Streaming Ltd. Common Shares,AMEX,2026-09-30
MTB,M&T Bank Corporation Common Stock,NYSE,2026-09-30
MTCH,"Match Group, Inc. - Common Stock",NASDAQ,2026-09-30
MTD,"Mettler-Toledo International, Inc. Common Stock",NYSE,2026-09-30
MTDR,Matador Resources Company Common Stock,NYSE,2026-09-30
MTG,MGIC Investment Corporation Common Stock,NYSE,2026-09-30
MTH,Meritage Homes Corporation Common Stock,NYSE,2026-09-30
MTLS,Materialise NV - American Depositary Shares,NASDAQ,2026-09-30
MTN,"Vail Resorts, Inc. Common Stock",NYSE,2026-09-30
MTRN,Materion Corporation,NYSE,2026-09-30
MTRX,Matrix Service Company - Common Stock,NASDAQ,2026-09-30
MTSI,"MACOM Technology Solutions Holdings, Inc. - Common Stock",NASDAQ,2026-09-30
MTUS,Metallus Inc. Common Shares,NYSE,2026-09-30
MTW,"Manitowoc Company, Inc. (The) Common Stock",NYSE,2026-09-30
MTX,Minerals Technologies Inc. Common Stock,NYSE,2026-09-30
MTZ,"MasTec, Inc. Common Stock",NYSE,2026-09-30
MU,"Micron Technology, Inc. - Common Stock",NASDAQ,2026-09-30
MUFG,"Mitsubishi UFJ Financial Group, Inc. Common Stock",NYSE,2026-09-30
MUR,Murphy Oil Corporation Common Stock,NYSE,2026-09-30
MUSA,Murphy USA Inc. Common Stock,NYSE,2026-09-30
MUX,McEwen Inc. Common Stock,NYSE,2026-09-30
MVBF,MVB Financial Corp. - Common Stock,NASDAQ,2026-09-30
MWA,MUELLER WATER PRODUCTS Common Stock,NYSE,2026-09-30
MWH,"SOLV Energy, Inc. - Class A common stock",NASDAQ,2026-09-30
MX,Magnachip Semiconductor Corporation Common Stock,NYSE,2026-09-30
MXL,"MaxLinear, Inc - Common Stock",NASDAQ,2026-09-30
MYE,"Myers Industries, Inc. Common Stock",NYSE,2026-09-30
MYFW,"First Western Financial, Inc. - Common Stock",NASDAQ,2026-09-30
MYGN,"Myriad Genetics, Inc. - Common Stock",NASDAQ,2026-09-30
MYRG,"MYR Group, Inc. - Common Stock",NASDAQ,2026-09-30
MZTI,The Marzetti Company - Common Stock,NASDAQ,2026-09-30
NABL,"N-able, Inc. Common Stock",NYSE,2026-09-30
NAGE,"Niagen Bioscience, Inc. - Common Stock",NASDAQ,2026-09-30
NAKA,Nakamoto Inc. - Common Stock,NASDAQ,2026-09-30
NAMI,Jinxin Technology Holding Company - American Depositary Shares,NASDAQ,2026-09-30
NAMS,NewAmsterdam Pharma Company N.V. - Ordinary Shares,NASDAQ,2026-09-30
NAT,Nordic American Tankers Limited Common Stock,NYSE,2026-09-30
NATH,"Nathan's Famous, Inc. - Common Stock",NASDAQ,2026-09-30
NATL,NCR Atleos Corporation Common Stock,NYSE,2026-09-30
NATR,"Nature's Sunshine Products, Inc. - Common Stock",NASDAQ,2026-09-30
NAVI,Navient Corporation - Common Stock,NASDAQ,2026-09-30
NAVN,"Navan, Inc. - Class A Common Stock",NASDAQ,2026-09-30
NB,NioCorp Developments Ltd. - Common Stock,NASDAQ,2026-09-30
NBBK,"NB Bancorp, Inc. - Common Stock",NASDAQ,2026-09-30
NBHC,National Bank Holdings Corporation Common Stock,NYSE,2026-09-30
NBIS,Nebius Group N.V. - Class A Ordinary Shares,NASDAQ,2026-09-30
NBIX,"Neurocrine Biosciences, Inc. - Common Stock",NASDAQ,2026-09-30
NBN,Northeast Bank - Common Stock,NASDAQ,2026-09-30
NBR,Nabors Industries Ltd.,NYSE,2026-09-30
NBTB,NBT Bancorp Inc. - Common Stock,NASDAQ,2026-09-30
NBTX,Nanobiotix S.A. - ADSs,NASDAQ,2026-09-30
NCDL,Nuveen Churchill Direct Lending Corp. Common Stock,NYSE,2026-09-30
NCLH,Norwegian Cruise Line Holdings Ltd. Ordinary Shares,NYSE,2026-09-30
NCMI,"National CineMedia, Inc. - Common Stock",NASDAQ,2026-09-30
NCNO,"nCino, Inc. - Common Stock",NASDAQ,2026-09-30
NDAQ,"Nasdaq, Inc. - Common Stock",NASDAQ,2026-09-30
NDSN,Nordson Corporation - Common Stock,NASDAQ,2026-09-30
NE,Noble Corporation plc A Ordinary Shares,NYSE,2026-09-30
NEE,"NextEra Energy, Inc. Common Stock",NYSE,2026-09-30
NEM,Newmont Corporation,NYSE,2026-09-30
NEO,"NeoGenomics, Inc. - Common Stock",NASDAQ,2026-09-30
NEOG,Neogen Corporation - Common Stock,NASDAQ,2026-09-30
NEOV,NeoVolta Inc. - Common Stock,NASDAQ,2026-09-30
NESR,National Energy Services Reunited Corp - Ordinary Shares,NASDAQ,2026-09-30
NET,"Cloudflare, Inc. Class A Common Stock",NYSE,2026-09-30
NEU,NewMarket Corp Common Stock,NYSE,2026-09-30
NEWP,New Pacific Metals Corp. Common Shares,AMEX,2026-09-30
NEWT,"NewtekOne, Inc. - Common Stock",NASDAQ,2026-09-30
NEXA,Nexa Resources S.A. Common Shares,NYSE,2026-09-30
NEXN,Nexxen International Ltd. - Ordinary Shares,NASDAQ,2026-09-30
NEXT,NextDecade Corporation - Common Stock,NASDAQ,2026-09-30
NFE,New Fortress Energy Inc. - Class A Common Stock,NASDAQ,2026-09-30
NFG,National Fuel Gas Company Common Stock,NYSE,2026-09-30
NFLX,"Netflix, Inc. - Common Stock",NASDAQ,2026-09-30
NG,Novagold Resources Inc.,AMEX,2026-09-30
NGG,"National Grid Transco, PLC National Grid PLC (NEW) American Depositary Shares",NYSE,2026-09-30
NGNE,Neurogene Inc. - Common Stock,NASDAQ,2026-09-30
NGS,"Natural Gas Services Group, Inc. Common Stock",NYSE,2026-09-30
NGVC,"Natural Grocers by Vitamin Cottage, Inc. Common Stock",NYSE,2026-09-30
NGVT,Ingevity Corporation Common Stock,NYSE,2026-09-30
NHC,National HealthCare Corporation Common Stock,AMEX,2026-09-30
NHI,"National Health Investors, Inc. Common Stock",NYSE,2026-09-30
NHP,"National Healthcare Properties, Inc. - Class A Common Stock",NASDAQ,2026-09-30
NI,NiSource Inc Common Stock,NYSE,2026-09-30
NIC,Nicolet Bankshares Inc. Common Stock,NYSE,2026-09-30
NICE,NICE Ltd - American Depositary Shares each representing one Ordinary Share,NASDAQ,2026-09-30
NIKI,"Niki BioSolutions, Inc. - Common Stock",NASDAQ,2026-09-30
NIO,"NIO Inc. American depositary shares, each  representing one Class A ordinary share",NYSE,2026-09-30
NIQ,NIQ Global Intelligence plc Ordinary Shares,NYSE,2026-09-30
NJR,NewJersey Resources Corporation Common Stock,NYSE,2026-09-30
NKE,"Nike, Inc. Common Stock",NYSE,2026-09-30
NKLR,Terra Innovatum Global N.V. - Ordinary shares,NASDAQ,2026-09-30
NKSH,"National Bankshares, Inc. - Common Stock",NASDAQ,2026-09-30
NKTR,Nektar Therapeutics - Common Stock,NASDAQ,2026-09-30
NKTX,"Nkarta, Inc. - Common Stock",NASDAQ,2026-09-30
NLOP,Net Lease Office Properties Common Shares of Beneficial Interest,NYSE,2026-09-30
NLY,Annaly Capital Management Inc. Common Stock,NYSE,2026-09-30
NMAX,"Newsmax, Inc. Class B Common Stock",NYSE,2026-09-30
NMFC,New Mountain Finance Corporation - Common Stock,NASDAQ,2026-09-30
NMIH,NMI Holdings Inc - Common Stock,NASDAQ,2026-09-30
NMR,Nomura Holdings Inc ADR American Depositary Shares,NYSE,2026-09-30
NMRK,"Newmark Group, Inc. - Class A Common Stock",NASDAQ,2026-09-30
NN,NextNav Inc. - Common stock,NASDAQ,2026-09-30
NNBR,"NN, Inc. - Common Stock",NASDAQ,2026-09-30
NNE,Nano Nuclear Energy Inc. - common stock,NASDAQ,2026-09-30
NNI,"Nelnet, Inc. Common Stock",NYSE,2026-09-30
NNN,"NNN REIT, Inc. Common Stock",NYSE,2026-09-30
NNNN,Anbio Biotechnology - Class A Ordinary Shares,NASDAQ,2026-09-30
NOA,North American Construction Group Ltd. Common Shares (no par),NYSE,2026-09-30
NOC,Northrop Grumman Corporation Common Stock,NYSE,2026-09-30
NOG,"Northern Oil and Gas, Inc. Common Stock",NYSE,2026-09-30
NOK,Nokia Corporation Sponsored American Depositary Shares,NYSE,2026-09-30
NOMD,Nomad Foods Limited Ordinary Shares,NYSE,2026-09-30
NOV,NOV Inc. Common Stock,NYSE,2026-09-30
NOVT,Novanta Inc. - Common Shares,NASDAQ,2026-09-30
NOW,"ServiceNow, Inc. Common Stock",NYSE,2026-09-30
NP,Neptune Insurance Holdings Inc. Class A Common Stock,NYSE,2026-09-30
NPB,"Northpointe Bancshares, Inc. Common Stock",NYSE,2026-09-30
NPCE,"Neuropace, Inc. - Common Stock",NASDAQ,2026-09-30
NPK,"National Presto Industries, Inc. Common Stock",NYSE,2026-09-30
NPKI,NPK International Inc. Common Stock,NYSE,2026-09-30
NPO,Enpro Inc. Common Stock,NYSE,2026-09-30
NRC,NRC Health - Common Stock,NASDAQ,2026-09-30
NRDS,"NerdWallet, Inc. - Class A Common Stock",NASDAQ,2026-09-30
NREF,"NexPoint Real Estate Finance, Inc. Common Stock",NYSE,2026-09-30
NRG,"NRG Energy, Inc. Common Stock",NYSE,2026-09-30
NRGV,"Energy Vault Holdings, Inc. Common Stock",NYSE,2026-09-30
NRIM,Northrim BanCorp Inc - Common Stock,NASDAQ,2026-09-30
NRIX,"Nurix Therapeutics, Inc. - Common stock",NASDAQ,2026-09-30
NRP,Natural Resource Partners LP Limited Partnership,NYSE,2026-09-30
NRXP,"NRX Pharmaceuticals, Inc. - Common Stock",NASDAQ,2026-09-30
NRXS,"Neuraxis, Inc. Common Stock",AMEX,2026-09-30
NSC,Norfolk Southern Corporation Common Stock,NYSE,2026-09-30
NSIT,"Insight Enterprises, Inc. - Common Stock",NASDAQ,2026-09-30
NSP,"Insperity, Inc. Common Stock",NYSE,2026-09-30
NSSC,"NAPCO Security Technologies, Inc. - Common Stock",NASDAQ,2026-09-30
NTAP,"NetApp, Inc. - Common Stock",NASDAQ,2026-09-30
NTB,Bank of N.T. Butterfield & Son Limited (The) Voting Ordinary Shares,NYSE,2026-09-30
NTCT,"NetScout Systems, Inc. - Common Stock",NASDAQ,2026-09-30
NTES,"NetEase, Inc. - American Depositary Shares, each representing 5 ordinary shares",NASDAQ,2026-09-30
NTGR,"NETGEAR, Inc. - Common Stock",NASDAQ,2026-09-30
NTLA,"Intellia Therapeutics, Inc. - Common Stock",NASDAQ,2026-09-30
NTNX,"Nutanix, Inc. - Class A Common Stock",NASDAQ,2026-09-30
NTR,Nutrien Ltd. Common Shares,NYSE,2026-09-30
NTRA,"Natera, Inc. - Common Stock",NASDAQ,2026-09-30
NTRB,Nutriband Inc. - Common Stock,NASDAQ,2026-09-30
NTRS,Northern Trust Corporation - Common Stock,NASDAQ,2026-09-30
NTSK,"Netskope, Inc. - Class A Common Stock",NASDAQ,2026-09-30
NTST,NetSTREIT Corp. Common Stock,NYSE,2026-09-30
NU,Nu Holdings Ltd. Class A Ordinary Shares,NYSE,2026-09-30
NUAI,"New Era Energy & Digital, Inc. - Common Stock",NASDAQ,2026-09-30
NUCL,Eagle Nuclear Energy Corp. - Common stock,NASDAQ,2026-09-30
NUE,Nucor Corporation Common Stock,NYSE,2026-09-30
NUS,"Nu Skin Enterprises, Inc. Common Stock",NYSE,2026-09-30
NUTX,Nutex Health Inc. - Common Stock,NASDAQ,2026-09-30
NUVB,Nuvation Bio Inc. Class A Common Stock,NYSE,2026-09-30
NVA,Nova Minerals Corp Common Stock,AMEX,2026-09-30
NVAX,"Novavax, Inc. - Common Stock",NASDAQ,2026-09-30
NVCR,NovoCure Limited - Ordinary Shares,NASDAQ,2026-09-30
NVCT,"Nuvectis Pharma, Inc. - Common Stock",NASDAQ,2026-09-30
NVDA,NVIDIA Corporation - Common Stock,NASDAQ,2026-09-30
NVEC,NVE Corporation - Common Stock,NASDAQ,2026-09-30
NVGS,Navigator Holdings Ltd. Ordinary Shares (Marshall Islands),NYSE,2026-09-30
NVMI,Nova Ltd. - Ordinary Shares,NASDAQ,2026-09-30
NVO,Novo Nordisk A/S Common Stock,NYSE,2026-09-30
NVR,"NVR, Inc. Common Stock",NYSE,2026-09-30
NVRI,Enviri Corporation Common Stock,NYSE,2026-09-30
NVS,Novartis AG Common Stock,NYSE,2026-09-30
NVST,Envista Holdings Corporation Common Stock,NYSE,2026-09-30
NVT,nVent Electric plc Ordinary Shares,NYSE,2026-09-30
NVTS,Navitas Semiconductor Corporation - Common Stock,NASDAQ,2026-09-30
NWAX,New America Acquisition I Corp. Class A Common Stock,NYSE,2026-09-30
NWBI,"Northwest Bancshares, Inc. - Common Stock",NASDAQ,2026-09-30
NWCL,newcleo plc - Ordinary Shares,NASDAQ,2026-09-30
NWE,"NorthWestern Energy Group, Inc.  - Common Stock",NASDAQ,2026-09-30
NWFL,Norwood Financial Corp. - Common Stock,NASDAQ,2026-09-30
NWG,"NatWest Group plc American Depositary Shares, (each representing two (2) Ordinary Shares)",NYSE,2026-09-30
NWL,Newell Brands Inc. - Common Stock,NASDAQ,2026-09-30
NWN,Northwest Natural Holding Company Common Stock,NYSE,2026-09-30
NWPX,"NWPX Infrastructure, Inc. - Common Stock",NASDAQ,2026-09-30
NWS,News Corporation - Class B Common Stock,NASDAQ,2026-09-30
NWSA,News Corporation - Class A Common Stock,NASDAQ,2026-09-30
NX,Quanex Building Products Corporation Common Stock,NYSE,2026-09-30
NXDR,"Nextdoor Holdings, Inc. Class A Common Stock",NYSE,2026-09-30
NXE,Nexgen Energy Ltd. Common Shares,NYSE,2026-09-30
NXH,"Neighborhood Intelligence, Inc.  - Common Stock",NASDAQ,2026-09-30
NXP,Nuveen Select Tax Free Income Portfolio Common Stock,NYSE,2026-09-30
NXPI,NXP Semiconductors N.V. - Common Stock,NASDAQ,2026-09-30
NXRT,"NexPoint Residential Trust, Inc. Common Stock",NYSE,2026-09-30
NXST,"Nexstar Media Group, Inc. - Common Stock",NASDAQ,2026-09-30
NXT,Nextpower Inc. - Common Stock,NASDAQ,2026-09-30
NYAX,Nayax Ltd. - Ordinary Shares,NASDAQ,2026-09-30
NYT,New York Times Company (The) Common Stock,NYSE,2026-09-30
O,Realty Income Corporation Common Stock,NYSE,2026-09-30
OABI,"OmniAb, Inc. - Common Stock",NASDAQ,2026-09-30
OBDC,Blue Owl Capital Corporation Common Stock,NYSE,2026-09-30
OBE,Obsidian Energy Ltd. Common Shares,AMEX,2026-09-30
OBIO,"Orchestra BioMed Holdings, Inc. - Ordinary Shares",NASDAQ,2026-09-30
OBK,"Origin Bancorp, Inc. Common Stock",NYSE,2026-09-30
OBT,"Orange County Bancorp, Inc. - Common Stock",NASDAQ,2026-09-30
OBX,"Obsidian Therapeutics, Inc. - Common Stock",NASDAQ,2026-09-30
OC,Owens Corning Inc Common Stock New,NYSE,2026-09-30
OCC,Optical Cable Corporation - Common Stock,NASDAQ,2026-09-30
OCFC,OceanFirst Financial Corp. - Common Stock,NASDAQ,2026-09-30
OCS,Oculis Holding AG - Ordinary shares,NASDAQ,2026-09-30
OCTV,Octave Intelligence plc - Class B Ordinary Shares,NASDAQ,2026-09-30
OCUL,"Ocular Therapeutix, Inc. - Common Stock",NASDAQ,2026-09-30
ODC,Oil-Dri Corporation Of America Common Stock,NYSE,2026-09-30
ODD,ODDITY Tech Ltd. - Class A Ordinary Shares,NASDAQ,2026-09-30
ODFL,"Old Dominion Freight Line, Inc. - Common Stock",NASDAQ,2026-09-30
ODTX,"Odyssey Therapeutics, Inc. - Common Stock",NASDAQ,2026-09-30
OEC,Orion S.A. Common Shares,NYSE,2026-09-30
OESX,"Orion Energy Systems, Inc. - Common Stock",NASDAQ,2026-09-30
OFG,OFG Bancorp Common Stock,NYSE,2026-09-30
OFIX,Orthofix Medical Inc.  - Common Stock,NASDAQ,2026-09-30
OFRM,"Once Upon a Farm, PBC Common Stock",NYSE,2026-09-30
OGC,OceanaGold Corporation Common Shares,NYSE,2026-09-30
OGE,OGE Energy Corp Common Stock,NYSE,2026-09-30
OGG,Osisko Gold Group Inc. Common Shares,NYSE,2026-09-30
OGN,Organon & Co. Common Stock,NYSE,2026-09-30
OGS,"ONE Gas, Inc. Common Stock",NYSE,2026-09-30
OHI,"Omega Healthcare Investors, Inc. Common Stock",NYSE,2026-09-30
OI,"O-I Glass, Inc. Common Stock",NYSE,2026-09-30
OIA,Invesco Municipal Income Opportunities Trust Common Stock,NYSE,2026-09-30
OIG,Orion180 Insurance Group Inc. - Class A Common Stock,NASDAQ,2026-09-30
OII,"Oceaneering International, Inc. Common Stock",NYSE,2026-09-30
OIS,"Oil States International, Inc. Common Stock",NYSE,2026-09-30
OKE,"ONEOK, Inc. Common Stock",NYSE,2026-09-30
OKLO,Oklo Inc. Class A common stock,NYSE,2026-09-30
OKTA,"Okta, Inc. - Class A Common Stock",NASDAQ,2026-09-30
OLED,Universal Display Corporation - Common Stock,NASDAQ,2026-09-30
OLLI,"Ollie's Bargain Outlet Holdings, Inc. - Common Stock",NASDAQ,2026-09-30
OLMA,"Olema Pharmaceuticals, Inc. - Common Stock",NASDAQ,2026-09-30
OLN,Olin Corporation Common Stock,NYSE,2026-09-30
OLP,"One Liberty Properties, Inc. Common Stock",NYSE,2026-09-30
OMAB,Grupo Aeroportuario del Centro Norte S.A.B. de C.V. - American Depositary Shares each representing 8 Series B shares,NASDAQ,2026-09-30
OMC,Omnicom Group Inc. Common Stock,NYSE,2026-09-30
OMCL,"Omnicell, Inc. - Common Stock",NASDAQ,2026-09-30
OMDA,"Omada Health, Inc. - Common Stock",NASDAQ,2026-09-30
OMER,Omeros Corporation - Common Stock,NASDAQ,2026-09-30
OMF,"OneMain Holdings, Inc. Common Stock",NYSE,2026-09-30
ON,ON Semiconductor Corporation - Common Stock,NASDAQ,2026-09-30
ONB,Old National Bancorp - Common Stock,NASDAQ,2026-09-30
ONC,BeOne Medicines Ltd. - American Depositary Shares,NASDAQ,2026-09-30
ONDS,Ondas Inc - Common Stock,NASDAQ,2026-09-30
ONEN,ONE Nuclear Energy Inc. - Common Stock,NASDAQ,2026-09-30
ONEW,OneWater Marine Inc. - Class A Common Stock,NASDAQ,2026-09-30
ONIT,Onity Group Inc. Common Stock,NYSE,2026-09-30
ONON,On Holding AG Class A Ordinary Shares,NYSE,2026-09-30
ONT,"Onterris, Inc. Common Stock",NYSE,2026-09-30
ONTO,Onto Innovation Inc. Common Stock,NYSE,2026-09-30
OOMA,"Ooma, Inc. Common Stock",NYSE,2026-09-30
OPCH,"Option Care Health, Inc. - Common Stock",NASDAQ,2026-09-30
OPEN,Opendoor Technologies Inc  - Common Stock,NASDAQ,2026-09-30
OPFI,OppFi Inc. Class A Common Stock,NYSE,2026-09-30
OPI,Office Properties Income Trust - Common shares of beneficial interest,NASDAQ,2026-09-30
OPLN,"OPENLANE, Inc. Common Stock",NYSE,2026-09-30
OPRA,Opera Limited - American Depositary Shares,NASDAQ,2026-09-30
OPRT,Oportun Financial Corporation - common stock,NASDAQ,2026-09-30
OPRX,OptimizeRx Corporation - Common Stock,NASDAQ,2026-09-30
OPTX,"Syntec Optics Holdings, Inc. - Class A Common Stock",NASDAQ,2026-09-30
OPY,"Oppenheimer Holdings, Inc. Class A Common Stock (DE)",NYSE,2026-09-30
OR,OR Royalties Inc. Common Shares,NYSE,2026-09-30
ORA,"Ormat Technologies, Inc. Common Stock",NYSE,2026-09-30
ORC,"Orchid Island Capital, Inc. Common Stock",NYSE,2026-09-30
ORCL,Oracle Corporation Common Stock,NYSE,2026-09-30
ORI,Old Republic International Corporation Common Stock,NYSE,2026-09-30
ORIC,"Oric Pharmaceuticals, Inc. - Common Stock",NASDAQ,2026-09-30
ORKA,"Oruka Therapeutics, Inc. - Common Stock",NASDAQ,2026-09-30
ORLY,"O'Reilly Automotive, Inc. - Common Stock",NASDAQ,2026-09-30
ORN,"Orion Group Holdings, Inc. Common",NYSE,2026-09-30
ORRF,"Orrstown Financial Services, Inc. - Common Stock",NASDAQ,2026-09-30
OSBC,"Old Second Bancorp, Inc. - Common Stock",NASDAQ,2026-09-30
OSCR,"Oscar Health, Inc. Class A Common Stock",NYSE,2026-09-30
OSG,"Octave Specialty Group, Inc. Common Stock",NYSE,2026-09-30
OSIS,"OSI Systems, Inc. - Common Stock",NASDAQ,2026-09-30
OSK,Oshkosh Corporation (Holding Company)Common Stock,NYSE,2026-09-30
OSPN,OneSpan Inc. - Common Stock,NASDAQ,2026-09-30
OSS,"One Stop Systems, Inc. - Common Stock",NASDAQ,2026-09-30
OSUR,"OraSure Technologies, Inc. - Common Stock",NASDAQ,2026-09-30
OSW,OneSpaWorld Holdings Limited - Common Shares,NASDAQ,2026-09-30
OTEX,Open Text Corporation - Common Shares,NASDAQ,2026-09-30
OTF,Blue Owl Technology Finance Corp. Common Stock,NYSE,2026-09-30
OTIS,Otis Worldwide Corporation Common Stock,NYSE,2026-09-30
OTTR,Otter Tail Corporation - Common Stock,NASDAQ,2026-09-30
OUST,"Ouster, Inc. - Common Stock",NASDAQ,2026-09-30
OUT,OUTFRONT Media Inc. Common Stock,NYSE,2026-09-30
OVBC,Ohio Valley Banc Corp. - Common Stock,NASDAQ,2026-09-30
OVID,Ovid Therapeutics Inc. - Common Stock,NASDAQ,2026-09-30
OVV,Ovintiv Inc. (DE),NYSE,2026-09-30
OWL,Blue Owl Capital Inc. Class A Common Stock,NYSE,2026-09-30
OXM,"Oxford Industries, Inc. Common Stock",NYSE,2026-09-30
OXY,Occidental Petroleum Corporation Common Stock,NYSE,2026-09-30
OZK,Bank OZK - Common Stock,NASDAQ,2026-09-30
P,"Everpure, Inc. Class A common stock",NYSE,2026-09-30
PAAS,Pan American Silver Corp. Common Stock,NYSE,2026-09-30
PAC,"Grupo Aeroportuario Del Pacifico, S.A. B. de C.V. Grupo Aeroportuario Del Pacifico, S.A. de C.V. (each representing 10 Series B shares)",NYSE,2026-09-30
PACB,"Pacific Biosciences of California, Inc. - Common Stock",NASDAQ,2026-09-30
PACK,Ranpak Holdings Corp Class A Common Stock,NYSE,2026-09-30
PACS,"PACS Group, Inc. Common Stock",NYSE,2026-09-30
PAG,"Penske Automotive Group, Inc. Common Stock",NYSE,2026-09-30
PAGP,"Plains GP Holdings, L.P. - Class A Shares representing limited partner interests",NASDAQ,2026-09-30
PAGS,PagSeguro Digital Ltd. Class A Common Shares,NYSE,2026-09-30
PAHC,Phibro Animal Health Corporation - Class A Common Stock,NASDAQ,2026-09-30
PAL,"Proficient Auto Logistics, Inc. - Common Stock",NASDAQ,2026-09-30
PAM,Pampa Energia S.A.,NYSE,2026-09-30
PANL,Pangaea Logistics Solutions Ltd. - Common Stock,NASDAQ,2026-09-30
PANW,"Palo Alto Networks, Inc. - Common Stock",NASDAQ,2026-09-30
PAR,PAR Technology Corporation Common Stock,NYSE,2026-09-30
PARR,"Par Pacific Holdings, Inc.  Common Stock",NYSE,2026-09-30
PATH,"UiPath, Inc. Class A Common Stock",NYSE,2026-09-30
PATK,"Patrick Industries, Inc. - Common Stock",NASDAQ,2026-09-30
PAX,Patria Investments Limited - Class A Common Shares,NASDAQ,2026-09-30
PAY,"Paymentus Holdings, Inc. Class A Common Stock",NYSE,2026-09-30
PAYC,"Paycom Software, Inc. Common Stock",NYSE,2026-09-30
PAYO,Payoneer Global Inc. - Common Stock,NASDAQ,2026-09-30
PAYP,PayPay Corporation - American Depository Shares,NASDAQ,2026-09-30
PAYS,"Paysign, Inc. - Common Stock",NASDAQ,2026-09-30
PAYX,"Paychex, Inc. - Common Stock",NASDAQ,2026-09-30
PB,"Prosperity Bancshares, Inc. Common Stock",NYSE,2026-09-30
PBA,Pembina Pipeline Corp. Ordinary Shares (Canada),NYSE,2026-09-30
PBAM,"Private Bancorp of America, Inc. - Common Stock",NASDAQ,2026-09-30
PBF,PBF Energy Inc. Class A Common Stock,NYSE,2026-09-30
PBH,Prestige Consumer Healthcare Inc. Common Stock,NYSE,2026-09-30
PBI,Pitney Bowes Inc. Common Stock,NYSE,2026-09-30
PBLS,"Parabilis Medicines, Inc. - Common Stock",NASDAQ,2026-09-30
PBR,Petroleo Brasileiro S.A. Petrobras ADS,NYSE,2026-09-30
PBT,Permian Basin Royalty Trust Common Stock,NYSE,2026-09-30
PBYI,Puma Biotechnology Inc - Common Stock,NASDAQ,2026-09-30
PCAR,PACCAR Inc. - Common Stock,NASDAQ,2026-09-30
PCG,Pacific Gas & Electric Co. Common Stock,NYSE,2026-09-30
PCLA,PicoCELA Inc. - American Depositary Shares,NASDAQ,2026-09-30
PCOR,"Procore Technologies, Inc. Common Stock",NYSE,2026-09-30
PCRX,"Pacira BioSciences, Inc. - Common Stock",NASDAQ,2026-09-30
PCT,"PureCycle Technologies, Inc. - Common stock",NASDAQ,2026-09-30
PCTY,Paylocity Holding Corporation - Common Stock,NASDAQ,2026-09-30
PCVX,"Vaxcyte, Inc. - Common Stock",NASDAQ,2026-09-30
PD,"PagerDuty, Inc. Common Stock",NYSE,2026-09-30
PDD,PDD Holdings Inc. - American Depositary Shares,NASDAQ,2026-09-30
PDEX,"Pro-Dex, Inc. - Common Stock",NASDAQ,2026-09-30
PDFS,"PDF Solutions, Inc. - Common Stock",NASDAQ,2026-09-30
PDLB,"Ponce Financial Group, Inc. - Common Stock",NASDAQ,2026-09-30
PDM,"Piedmont Realty Trust, Inc. Class A Common Stock",NYSE,2026-09-30
PDS,Precision Drilling Corporation Common Stock,NYSE,2026-09-30
PDYN,Palladyne AI Corp. - Common stock,NASDAQ,2026-09-30
PEB,Pebblebrook Hotel Trust Common Shares of Beneficial Interest,NYSE,2026-09-30
PEBO,Peoples Bancorp Inc. - Common Stock,NASDAQ,2026-09-30
PECO,"Phillips Edison & Company, Inc. - Common Stock",NASDAQ,2026-09-30
PEG,Public Service Enterprise Group Incorporated Common Stock,NYSE,2026-09-30
PEGA,Pegasystems Inc. - Common Stock,NASDAQ,2026-09-30
PEN,"Penumbra, Inc. Common Stock",NYSE,2026-09-30
PENG,"Penguin Solutions, Inc. - Common Stock",NASDAQ,2026-09-30
PENN,"PENN Entertainment, Inc. - Common Stock",NASDAQ,2026-09-30
PEP,"PepsiCo, Inc. - Common Stock",NASDAQ,2026-09-30
PEPG,PepGen Inc. - Common Stock,NASDAQ,2026-09-30
PERI,Perion Network Ltd - Ordinary Shares,NASDAQ,2026-09-30
PESI,"Perma-Fix Environmental Services, Inc. - Common Stock",NASDAQ,2026-09-30
PFE,"Pfizer, Inc. Common Stock",NYSE,2026-09-30
PFG,Principal Financial Group Inc - Common Stock,NASDAQ,2026-09-30
PFGC,Performance Food Group Company Common Stock,NYSE,2026-09-30
PFIS,Peoples Financial Services Corp.  - Common Stock,NASDAQ,2026-09-30
PFLT,PennantPark Floating Rate Capital Ltd. Common Stock,NYSE,2026-09-30
PFS,"Provident Financial Services, Inc Common Stock",NYSE,2026-09-30
PFSI,"PennyMac Financial Services, Inc. Common Stock",NYSE,2026-09-30
PG,Procter & Gamble Company (The) Common Stock,NYSE,2026-09-30
PGC,Peapack-Gladstone Financial Corporation - Common Stock,NASDAQ,2026-09-30
PGEN,"Precigen, Inc. - Common Stock",NASDAQ,2026-09-30
PGNY,"Progyny, Inc. - Common Stock",NASDAQ,2026-09-30
PGR,Progressive Corporation (The) Common Stock,NYSE,2026-09-30
PGY,Pagaya Technologies Ltd. - Class A Ordinary Shares,NASDAQ,2026-09-30
PH,Parker-Hannifin Corporation Common Stock,NYSE,2026-09-30
PHAT,"Phathom Pharmaceuticals, Inc. - Common Stock",NASDAQ,2026-09-30
PHG,Koninklijke Philips N.V. NY Registry Shares,NYSE,2026-09-30
PHI,PLDT Inc. Sponsored ADR,NYSE,2026-09-30
PHIN,PHINIA Inc. Common Stock,NYSE,2026-09-30
PHM,"PulteGroup, Inc. Common Stock",NYSE,2026-09-30
PHR,"Phreesia, Inc. Common Stock",NYSE,2026-09-30
PHVS,Pharvaris N.V. - Ordinary Shares,NASDAQ,2026-09-30
PI,"Impinj, Inc. - Common Stock",NASDAQ,2026-09-30
PICS,PicS N.V. - Class A Common Shares,NASDAQ,2026-09-30
PII,Polaris Inc. Common Stock,NYSE,2026-09-30
PINE,"Alpine Income Property Trust, Inc. Common Stock",NYSE,2026-09-30
PINS,"Pinterest, Inc. Class A Common Stock",NYSE,2026-09-30
PIPR,Piper Sandler Companies Common Stock,NYSE,2026-09-30
PJT,PJT Partners Inc. Class A Common Stock,NYSE,2026-09-30
PK,Park Hotels & Resorts Inc. Common Stock,NYSE,2026-09-30
PKBK,"Parke Bancorp, Inc. - Common Stock",NASDAQ,2026-09-30
PKE,Park Aerospace Corp. Common Stock,NYSE,2026-09-30
PKG,Packaging Corporation of America Common Stock,NYSE,2026-09-30
PKOH,Park-Ohio Holdings Corp. - Common Stock,NASDAQ,2026-09-30
PKX,POSCO HOLDINGS INC. American Depositary Shares (Each representing 1/4th of a share of Common Stock),NYSE,2026-09-30
PL,Planet Labs PBC Class A Common Stock,NYSE,2026-09-30
PLAB,"Photronics, Inc. - Common Stock",NASDAQ,2026-09-30
PLAY,"Dave & Buster's Entertainment, Inc. - Common Stock",NASDAQ,2026-09-30
PLBC,Plumas Bancorp - Common Stock,NASDAQ,2026-09-30
PLD,"Prologis, Inc. Common Stock",NYSE,2026-09-30
PLGO,Pelagos Insurance Capital Limited Common Shares,NYSE,2026-09-30
PLMR,"Palomar Holdings, Inc. - Common stock",NASDAQ,2026-09-30
PLNT,"Planet Fitness, Inc. Common Stock",NYSE,2026-09-30
PLOW,"Douglas Dynamics, Inc. Common Stock",NYSE,2026-09-30
PLPC,Preformed Line Products Company - Common Stock,NASDAQ,2026-09-30
PLSE,"Pulse Biosciences, Inc - Common Stock",NASDAQ,2026-09-30
PLTK,Playtika Holding Corp. - Common Stock,NASDAQ,2026-09-30
PLTR,Palantir Technologies Inc. - Class A Common Stock,NASDAQ,2026-09-30
PLUS,ePlus inc. - Common Stock,NASDAQ,2026-09-30
PLX,"Protalix BioTherapeutics, Inc. (DE) Common Stock",AMEX,2026-09-30
PLXS,Plexus Corp. - Common Stock,NASDAQ,2026-09-30
PM,Philip Morris International Inc Common Stock,NYSE,2026-09-30
PMI,"Picard Medical, Inc. Common Stock",AMEX,2026-09-30
PMO,Franklin Municipal Opportunities Trust Shares of Beneficial Interest,NYSE,2026-09-30
PMT,PennyMac Mortgage Investment Trust Common Shares of Beneficial Interest,NYSE,2026-09-30
PMTS,CPI Card Group Inc. - Common Stock,NASDAQ,2026-09-30
PNC,"PNC Financial Services Group, Inc. (The) Common Stock",NYSE,2026-09-30
PNFP,"Pinnacle Financial Partners, Inc. Common stock",NYSE,2026-09-30
PNNT,PennantPark Investment Corporation Common Stock,NYSE,2026-09-30
PNR,Pentair plc. Ordinary Share,NYSE,2026-09-30
PNRG,PrimeEnergy Resources Corporation - Common Stock,NASDAQ,2026-09-30
PNTG,"The Pennant Group, Inc. - Common Stock",NASDAQ,2026-09-30
PNW,Pinnacle West Capital Corporation Common Stock,NYSE,2026-09-30
PODD,Insulet Corporation - Common Stock,NASDAQ,2026-09-30
POET,POET Technologies Inc. - Common Shares,NASDAQ,2026-09-30
PONY,Pony AI Inc. - American Depositary Shares,NASDAQ,2026-09-30
POOL,Pool Corporation - Common Stock,NASDAQ,2026-09-30
POR,Portland General Electric Co Common Stock,NYSE,2026-09-30
POST,"Post Holdings, Inc. Common Stock",NYSE,2026-09-30
POWI,"Power Integrations, Inc. - Common Stock",NASDAQ,2026-09-30
POWL,"Powell Industries, Inc. - Common Stock",NASDAQ,2026-09-30
POWW,Outdoor Holding Company - Common Stock,NASDAQ,2026-09-30
PPC,Pilgrim's Pride Corporation - Common Stock,NASDAQ,2026-09-30
PPG,"PPG Industries, Inc. Common Stock",NYSE,2026-09-30
PPHC,"Public Policy Holding Company, Inc. - Common Stock",NASDAQ,2026-09-30
PPIH,"Perma-Pipe International Holdings, Inc. - Common Stock",NASDAQ,2026-09-30
PPL,PPL Corporation Common Stock,NYSE,2026-09-30
PPLI,People Incorporated - Common Stock,NASDAQ,2026-09-30
PPTA,Perpetua Resources Corp. - Common Shares,NASDAQ,2026-09-30
PR,Permian Resources Corporation Class A Common Stock,NYSE,2026-09-30
PRAA,"PRA Group, Inc. - Common Stock",NASDAQ,2026-09-30
PRAX,"Praxis Precision Medicines, Inc. - Common Stock",NASDAQ,2026-09-30
PRCH,"Porch Group, Inc. - Common Stock",NASDAQ,2026-09-30
PRCT,PROCEPT BioRobotics Corporation - Common Stock,NASDAQ,2026-09-30
PRDO,Perdoceo Education Corporation - Common Stock,NASDAQ,2026-09-30
PRE,Prenetics Global Limited - Class A Ordinary Share,NASDAQ,2026-09-30
PRG,"PROG Holdings, Inc. Common Stock",NYSE,2026-09-30
PRGO,Perrigo Company plc Ordinary Shares,NYSE,2026-09-30
PRGS,Progress Software Corporation - Common Stock,NASDAQ,2026-09-30
PRI,"Primerica, Inc. Common Stock",NYSE,2026-09-30
PRIM,Primoris Services Corporation Common Stock,NYSE,2026-09-30
PRK,Park National Corporation Common Stock,AMEX,2026-09-30
PRKS,United Parks & Resorts Inc. Common Stock,NYSE,2026-09-30
PRLB,"Proto Labs, Inc. Common stock",NYSE,2026-09-30
PRLD,Prelude Therapeutics Incorporated - Common Stock,NASDAQ,2026-09-30
PRM,"Perimeter Solutions, SA Common Stock",NYSE,2026-09-30
PRMB,Primo Brands Corporation Class A Common Stock,NYSE,2026-09-30
PRME,"Prime Medicine, Inc. - Common Stock",NASDAQ,2026-09-30
PRPO,"Precipio, Inc. - Common Stock",NASDAQ,2026-09-30
PRSU,"Pursuit Attractions and Hospitality, Inc. Common Stock",NYSE,2026-09-30
PRTA,Prothena Corporation plc - Ordinary Shares,NASDAQ,2026-09-30
PRTH,"Priority Technology Holdings, Inc. - Common Stock",NASDAQ,2026-09-30
PRU,"Prudential Financial, Inc. Common Stock",NYSE,2026-09-30
PRVA,"Privia Health Group, Inc. - Common Stock",NASDAQ,2026-09-30
PS,Pershing Square Inc. Common Stock,NYSE,2026-09-30
PSA,Public Storage Common Stock,NYSE,2026-09-30
PSBD,Palmer Square Capital BDC Inc. Common Stock,NYSE,2026-09-30
PSFE,Paysafe Limited Common Shares,NYSE,2026-09-30
PSIG,PS International Group Ltd. - Ordinary Shares,NASDAQ,2026-09-30
PSIX,"Power Solutions International, Inc. - Common Stock",NASDAQ,2026-09-30
PSKY,Paramount Skydance Corporation - Class B Common Stock,NASDAQ,2026-09-30
PSMT,"PriceSmart, Inc. - Common Stock",NASDAQ,2026-09-30
PSN,Parsons Corporation Common Stock,NYSE,2026-09-30
PSNL,"Personalis, Inc. - Common Stock",NASDAQ,2026-09-30
PSNY,Polestar Automotive Holding UK Limited - Class A ADS,NASDAQ,2026-09-30
PSNYW,Polestar Automotive Holding UK Limited - Class C-1 ADS (ADW),NASDAQ,2026-09-30
PSO,"Pearson, Plc Common Stock",NYSE,2026-09-30
PSQL,Pasqal Holding SA - Ordinary Shares,NASDAQ,2026-09-30
PSTL,"Postal Realty Trust, Inc. Class A Common Stock",NYSE,2026-09-30
PSUS,"Pershing Square USA, Ltd. Common Shares",NYSE,2026-09-30
PSX,Phillips 66 Common Stock,NYSE,2026-09-30
PTC,PTC Inc. - Common Stock,NASDAQ,2026-09-30
PTCT,"PTC Therapeutics, Inc. - Common Stock",NASDAQ,2026-09-30
PTEN,"Patterson-UTI Energy, Inc. - Common Stock",NASDAQ,2026-09-30
PTGX,"Protagonist Therapeutics, Inc. - Common Stock",NASDAQ,2026-09-30
PTLO,Portillo's Inc. - Class A Common Stock,NASDAQ,2026-09-30
PTN,"Palatin Technologies, Inc. - Common Stock",NASDAQ,2026-09-30
PTON,"Peloton Interactive, Inc. - Common Stock",NASDAQ,2026-09-30
PTRN,Pattern Group Inc. - Series A Common Stock,NASDAQ,2026-09-30
PUBM,"PubMatic, Inc. - Class A Common Stock",NASDAQ,2026-09-30
PUK,Prudential Public Limited Company Common Stock,NYSE,2026-09-30
PUMP,ProPetro Holding Corp. Common Stock,NYSE,2026-09-30
PURR,Hyperliquid Strategies Inc - Common Stock,NASDAQ,2026-09-30
PUSA,Aureus Greenway Holdings Inc. - Common Stock,NASDAQ,2026-09-30
PVH,PVH Corp. Common Stock,NYSE,2026-09-30
PVLA,"Palvella Therapeutics, Inc. - Common Stock",NASDAQ,2026-09-30
PWP,Perella Weinberg Partners - Class A Common Stock,NASDAQ,2026-09-30
PWR,"Quanta Services, Inc. Common Stock",NYSE,2026-09-30
PWRL,Powerlaw Corp. - Common Stock,NASDAQ,2026-09-30
PXED,"Phoenix Education Partners, Inc. Common Stock",NYSE,2026-09-30
PXS,Pyxis Tankers Inc. - Common Stock,NASDAQ,2026-09-30
PYPL,"PayPal Holdings, Inc. - Common Stock",NASDAQ,2026-09-30
PYXS,"Pyxis Oncology, Inc. - Common Stock",NASDAQ,2026-09-30
PZZA,"Papa John's International, Inc. - Common Stock",NASDAQ,2026-09-30
Q,"Qnity Electronics, Inc. Common Stock",NYSE,2026-09-30
QBTS,D-Wave Quantum Inc. - Common Stock,NASDAQ,2026-09-30
QCOM,QUALCOMM Incorporated - Common Stock,NASDAQ,2026-09-30
QCRH,"QCR Holdings, Inc. - Common Stock",NASDAQ,2026-09-30
QDEL,QuidelOrtho Corporation - Common Stock,NASDAQ,2026-09-30
QFIN,"Qfin Holdings, Inc.  - American Depositary Shares",NASDAQ,2026-09-30
QGEN,Qiagen N.V. Common Shares,NYSE,2026-09-30
QLYS,"Qualys, Inc. - Common Stock",NASDAQ,2026-09-30
QMCO,Quantum Corporation - Common Stock,NASDAQ,2026-09-30
QMLS,"QumulusAI, Inc. - Common Stock",NASDAQ,2026-09-30
QNST,"QuinStreet, Inc. - Common Stock",NASDAQ,2026-09-30
QNT,Quantinuum Inc. - Class A Common Stock,NASDAQ,2026-09-30
QRVO,"Qorvo, Inc. - Common Stock",NASDAQ,2026-09-30
QS,QuantumScape Corporation - Common Stock,NASDAQ,2026-09-30
QSR,Restaurant Brands International Inc. Common Shares,NYSE,2026-09-30
QTRX,Quanterix Corporation - Common Stock,NASDAQ,2026-09-30
QTTB,Q32 Bio Inc. - Common Stock,NASDAQ,2026-09-30
QTWO,"Q2 Holdings, Inc. Common Stock",NYSE,2026-09-30
QUAD,"Quad Graphics, Inc Class A Common Stock",NYSE,2026-09-30
QUBT,Quantum Computing Inc. - Common Stock,NASDAQ,2026-09-30
QUIK,QuickLogic Corporation - Common Stock,NASDAQ,2026-09-30
QURE,uniQure N.V. - Ordinary Shares,NASDAQ,2026-09-30
QVCG,"QVC Group, Inc. - Common Stock",NASDAQ,2026-09-30
QXO,"QXO, Inc. Common Stock",NYSE,2026-09-30
R,"Ryder System, Inc. Common Stock",NYSE,2026-09-30
RACC,Research Alliance Corporation III - Class A Ordinary Shares,NASDAQ,2026-09-30
RACE,Ferrari N.V. Common Shares,NYSE,2026-09-30
RAIL,"Freightcar America, Inc. - Common Stock",NASDAQ,2026-09-30
RAL,Ralliant Corporation Common Stock,NYSE,2026-09-30
RAMP,"LiveRamp Holdings, Inc. Common Stock",NYSE,2026-09-30
RAPP,"Rapport Therapeutics, Inc. - Common Stock",NASDAQ,2026-09-30
RARE,Ultragenyx Pharmaceutical Inc. - Common Stock,NASDAQ,2026-09-30
RBA,"RB Global, Inc. Common Stock",NYSE,2026-09-30
RBB,RBB Bancorp - Common Stock,NASDAQ,2026-09-30
RBC,RBC Bearings Incorporated Common Stock,NYSE,2026-09-30
RBCAA,"Republic Bancorp, Inc. - Class A Common Stock",NASDAQ,2026-09-30
RBKB,"Rhinebeck Bancorp, Inc. - Common Stock",NASDAQ,2026-09-30
RBLX,Roblox Corporation Class A Common Stock,NYSE,2026-09-30
RBRK,"Rubrik, Inc. Class A Common Stock",NYSE,2026-09-30
RCAT,"Red Cat Holdings, Inc. - Common Stock",NASDAQ,2026-09-30
RCBC,River City Bank - Common stock,NASDAQ,2026-09-30
RCEL,"Avita Medical, Inc. - Common Stock",NASDAQ,2026-09-30
RCI,"Rogers Communication, Inc. Common Stock",NYSE,2026-09-30
RCKT,"Rocket Pharmaceuticals, Inc. - Common Stock",NASDAQ,2026-09-30
RCKY,"Rocky Brands, Inc. - Common Stock",NASDAQ,2026-09-30
RCL,Royal Caribbean Cruises Ltd. Common Stock,NYSE,2026-09-30
RCMT,"RCM Technologies, Inc. - Common Stock",NASDAQ,2026-09-30
RCUS,"Arcus Biosciences, Inc. Common Stock",NYSE,2026-09-30
RDDT,"Reddit, Inc. Class A Common Stock",NYSE,2026-09-30
RDN,Radian Group Inc. Common Stock,NYSE,2026-09-30
RDNT,"RadNet, Inc. - Common Stock",NASDAQ,2026-09-30
RDVT,"Red Violet, Inc. - Common Stock",NASDAQ,2026-09-30
RDW,Redwire Corporation Common Stock,NYSE,2026-09-30
RDWR,Radware Ltd. - Ordinary Shares,NASDAQ,2026-09-30
RDY,Dr. Reddy's Laboratories Ltd Common Stock,NYSE,2026-09-30
REA,"Rare Earths Americas, Inc. Common Stock",AMEX,2026-09-30
REAL,"The RealReal, Inc. - Common Stock",NASDAQ,2026-09-30
REAX,Real REMAX Group Inc. - Common Stock,NASDAQ,2026-09-30
REF,Reformation Inc. Common Stock,NYSE,2026-09-30
REFI,"Chicago Atlantic Real Estate Finance, Inc. - Common Stock",NASDAQ,2026-09-30
REG,Regency Centers Corporation - Common Stock,NASDAQ,2026-09-30
REGN,"Regeneron Pharmaceuticals, Inc. - Common Stock",NASDAQ,2026-09-30
RELL,"Richardson Electronics, Ltd. - Common Stock",NASDAQ,2026-09-30
RELX,RELX PLC PLC American Depositary Shares (Each representing One Ordinary Share),NYSE,2026-09-30
RELY,"Remitly Global, Inc. - Common stock",NASDAQ,2026-09-30
REPL,"Replimune Group, Inc. - Common Stock",NASDAQ,2026-09-30
REPX,"Riley Exploration Permian, Inc. Common Stock",AMEX,2026-09-30
RERE,ATRenew Inc. American Depositary Shares (every three of which representing two Class A ordinary shares),NYSE,2026-09-30
RES,"RPC, Inc. Common Stock",NYSE,2026-09-30
REX,REX American Resources Corporation,NYSE,2026-09-30
REXR,"Rexford Industrial Realty, Inc. Common Stock",NYSE,2026-09-30
REYN,Reynolds Consumer Products Inc. - Common Stock,NASDAQ,2026-09-30
REZI,"Resideo Technologies, Inc. Common Stock",NYSE,2026-09-30
RF,Regions Financial Corporation Common Stock,NYSE,2026-09-30
RFIL,"RF Industries, Ltd. - Common Stock",NASDAQ,2026-09-30
RGA,"Reinsurance Group of America, Incorporated Common Stock",NYSE,2026-09-30
RGC,Regencell Bioscience Holdings Limited - Ordinary Shares,NASDAQ,2026-09-30
RGEN,Repligen Corporation - Common Stock,NASDAQ,2026-09-30
RGLD,"Royal Gold, Inc. - Common Stock",NASDAQ,2026-09-30
RGNX,REGENXBIO Inc. - Common Stock,NASDAQ,2026-09-30
RGP,"Resources Connection, Inc. - Common Stock",NASDAQ,2026-09-30
RGR,"Sturm, Ruger & Company, Inc. Common Stock",NYSE,2026-09-30
RGTI,"Rigetti Computing, Inc.  - Common stock",NASDAQ,2026-09-30
RH,RH Common Stock,NYSE,2026-09-30
RHI,Robert Half Inc. Common Stock,NYSE,2026-09-30
RHLD,Resolute Holdings Management Common Stock,NYSE,2026-09-30
RHP,"Ryman Hospitality Properties, Inc. (REIT)",NYSE,2026-09-30
RICK,"RCI Hospitality Holdings, Inc. - Common Stock",NASDAQ,2026-09-30
RIG,Transocean Ltd (Switzerland) Common Stock,NYSE,2026-09-30
RIGL,"Rigel Pharmaceuticals, Inc. - Common Stock",NASDAQ,2026-09-30
RILY,"BRC Group Holdings, Inc. - Common Stock",NASDAQ,2026-09-30
RIO,Rio Tinto Plc Common Stock,NYSE,2026-09-30
RIOT,"Riot Platforms, Inc. - Common Stock",NASDAQ,2026-09-30
RITM,Rithm Capital Corp. Common Stock,NYSE,2026-09-30
RIVN,"Rivian Automotive, Inc. - Class A Common Stock",NASDAQ,2026-09-30
RJET,Republic Airways Holdings Inc. - Common Stock,NASDAQ,2026-09-30
RJF,"Raymond James Financial, Inc. Common Stock",NYSE,2026-09-30
RKLB,Rocket Lab Corporation - Common Stock,NASDAQ,2026-09-30
RKT,"Rocket Companies, Inc. Class A Common Stock",NYSE,2026-09-30
RL,Ralph Lauren Corporation Common Stock,NYSE,2026-09-30
RLAY,"Relay Therapeutics, Inc. - Common Stock",NASDAQ,2026-09-30
RLGT,"Radiant Logistics, Inc. Common Stock",AMEX,2026-09-30
RLI,RLI Corp. Common Stock (DE),NYSE,2026-09-30
RLJ,RLJ Lodging Trust Common Shares of Beneficial Interest $0.01 par value,NYSE,2026-09-30
RLMD,"Relmada Therapeutics, Inc. - Common Stock",NASDAQ,2026-09-30
RM,Regional Management Corp. Common Stock,NYSE,2026-09-30
RMBI,"Richmond Mutual Bancorporation, Inc. - Common Stock",NASDAQ,2026-09-30
RMBS,"Rambus, Inc. - Common Stock",NASDAQ,2026-09-30
RMD,ResMed Inc. Common Stock,NYSE,2026-09-30
RMIX,"Suncrete, Inc. - Class A Common Stock",NASDAQ,2026-09-30
RML,Resolution Minerals Ltd - American Depositary Shares,NASDAQ,2026-09-30
RMNI,"Rimini Street, Inc. - Common Stock",NASDAQ,2026-09-30
RMR,The RMR Group Inc. - Class A Common Stock,NASDAQ,2026-09-30
RMT,"Royce Micro-Cap Trust, Inc. Common Stock",NYSE,2026-09-30
RNA,"Atrium Therapeutics, Inc. - Common Stock",NASDAQ,2026-09-30
RNAC,"Cartesian Therapeutics, Inc. - Common Stock",NASDAQ,2026-09-30
RNG,"RingCentral, Inc. Class A Common Stock",NYSE,2026-09-30
RNGR,"Ranger Energy Services, Inc. Class A Common Stock",NYSE,2026-09-30
RNR,RenaissanceRe Holdings Ltd. Common Stock,NYSE,2026-09-30
RNST,Renasant Corporation Common Stock,NYSE,2026-09-30
RNW,ReNew Energy Global plc - Class A Shares,NASDAQ,2026-09-30
ROAD,"Construction Partners, Inc. - Common Stock",NASDAQ,2026-09-30
ROCK,"Gibraltar Industries, Inc. - Common Stock",NASDAQ,2026-09-30
ROG,Rogers Corporation Common Stock,NYSE,2026-09-30
ROIV,Roivant Sciences Ltd. - Common Shares,NASDAQ,2026-09-30
ROK,"Rockwell Automation, Inc. Common Stock",NYSE,2026-09-30
ROKU,"Roku, Inc. - Class A Common Stock",NASDAQ,2026-09-30
ROL,"Rollins, Inc. Common Stock",NYSE,2026-09-30
ROOT,"Root, Inc. - Common Stock",NASDAQ,2026-09-30
ROP,"Roper Technologies, Inc. - Common Stock",NASDAQ,2026-09-30
ROST,"Ross Stores, Inc. - Common Stock",NASDAQ,2026-09-30
RPAY,Repay Holdings Corporation - Class A Common Stock,NASDAQ,2026-09-30
RPC,"Ridgepost Capital, Inc. Class A Common Stock",NYSE,2026-09-30
RPD,"Rapid7, Inc. - Common Stock",NASDAQ,2026-09-30
RPM,RPM International Inc. Common Stock,NYSE,2026-09-30
RPRX,Royalty Pharma plc - Class A Ordinary Shares,NASDAQ,2026-09-30
RRBI,"Red River Bancshares, Inc. - Common Stock",NASDAQ,2026-09-30
RRC,Range Resources Corporation Common Stock,NYSE,2026-09-30
RRGB,"Red Robin Gourmet Burgers, Inc. - Common Stock",NASDAQ,2026-09-30
RRR,"Red Rock Resorts, Inc. - Class A Common Stock",NASDAQ,2026-09-30
RRX,Regal Rexnord Corporation Common Stock,NYSE,2026-09-30
RS,"Reliance, Inc. Common Stock",NYSE,2026-09-30
RSG,"Republic Services, Inc. Common Stock",NYSE,2026-09-30
RSI,"Rush Street Interactive, Inc. Class A Common Stock",NYSE,2026-09-30
RSKD,Riskified Ltd. Class A Ordinary Shares,NYSE,2026-09-30
RTB,"RTB Digital, Inc. - Common Stock",NASDAQ,2026-09-30
RTO,Rentokil Initial plc American Depositary Shares (each representing five (5) Ordinary Shares),NYSE,2026-09-30
RTX,RTX Corporation Common Stock,NYSE,2026-09-30
RUM,RUM Group Inc. - Class A Common Stock,NASDAQ,2026-09-30
RUN,Sunrun Inc. - Common Stock,NASDAQ,2026-09-30
RUSHA,"Rush Enterprises, Inc. - Class A Common Stock",NASDAQ,2026-09-30
RUSHB,"Rush Enterprises, Inc. - Class B Common Stock",NASDAQ,2026-09-30
RVLV,"Revolve Group, Inc. Class A Common Stock",NYSE,2026-09-30
RVMD,"Revolution Medicines, Inc. - Common Stock",NASDAQ,2026-09-30
RVT,"Royce Small-Cap Trust, Inc. Common Stock",NYSE,2026-09-30
RVTY,"Revvity, Inc. Common Stock",NYSE,2026-09-30
RWAY,Runway Growth Finance Corp. - Common Stock,NASDAQ,2026-09-30
RWT,"Redwood Trust, Inc. Common Stock",NYSE,2026-09-30
RXO,"RXO, Inc. Common Stock",NYSE,2026-09-30
RXRX,"Recursion Pharmaceuticals, Inc. - Class A Common Stock",NASDAQ,2026-09-30
RXST,"RxSight, Inc. - Common Stock",NASDAQ,2026-09-30
RXT,"Rackspace Technology, Inc. - Common Stock",NASDAQ,2026-09-30
RY,Royal Bank Of Canada Common Stock,NYSE,2026-09-30
RYAAY,"Ryanair Holdings plc - American Depositary Shares, each representing five Ordinary Shares",NASDAQ,2026-09-30
RYAM,Rayonier Advanced Materials Inc. Common Stock,NYSE,2026-09-30
RYAN,"Ryan Specialty Holdings, Inc. Class A Common Stock",NYSE,2026-09-30
RYN,Rayonier Inc. REIT Common Stock,NYSE,2026-09-30
RYTM,"Rhythm Pharmaceuticals, Inc. - Common Stock",NASDAQ,2026-09-30
RYZ,Ryerson Holding Corporation Common Stock,NYSE,2026-09-30
RZLT,"Rezolute, Inc. - Common Stock (NV)",NASDAQ,2026-09-30
RZLV,Rezolve AI PLC - Ordinary Shares,NASDAQ,2026-09-30
S,"SentinelOne, Inc. Class A Common Stock",NYSE,2026-09-30
SA,"Seabridge Gold, Inc. Common Shares New",NYSE,2026-09-30
SABR,Sabre Corporation - Common Stock,NASDAQ,2026-09-30
SABS,"SAB Biotherapeutics, Inc. - Common Stock",NASDAQ,2026-09-30
SAFE,Safehold Inc. New Common Stock,NYSE,2026-09-30
SAFT,"Safety Insurance Group, Inc. - Common Stock",NASDAQ,2026-09-30
SAH,"Sonic Automotive, Inc. Common Stock",NYSE,2026-09-30
SAIA,"Saia, Inc. - Common Stock",NASDAQ,2026-09-30
SAIC,Science Applications International Corporation - Common Stock,NASDAQ,2026-09-30
SAIL,"SailPoint, Inc. - Common Stock",NASDAQ,2026-09-30
SAM,"Boston Beer Company, Inc. (The) Common Stock",NYSE,2026-09-30
SAMG,Silvercrest Asset Management Group Inc. - Common Stock,NASDAQ,2026-09-30
SAN,"Banco Santander, S.A. Sponsored ADR (Spain)",NYSE,2026-09-30
SANA,"Sana Biotechnology, Inc. - Common Stock",NASDAQ,2026-09-30
SANG,Sangoma Technologies Corporation - Common Shares,NASDAQ,2026-09-30
SANM,Sanmina Corporation - Common Stock,NASDAQ,2026-09-30
SAP,SAP  SE ADS,NYSE,2026-09-30
SAR,Saratoga Investment Corp New,NYSE,2026-09-30
SARO,"StandardAero, Inc. Common Stock",NYSE,2026-09-30
SATL,Satellogic Inc. - Class A Common Stock,NASDAQ,2026-09-30
SB,"Safe Bulkers, Inc Common Stock ($0.001 par value)",NYSE,2026-09-30
SBAC,SBA Communications Corporation - Class A Common Stock,NASDAQ,2026-09-30
SBCF,Seacoast Banking Corporation of Florida - Common Stock,NASDAQ,2026-09-30
SBET,"Sharplink, Inc. - Common Stock",NASDAQ,2026-09-30
SBGI,"Sinclair, Inc. - Class A Common Stock",NASDAQ,2026-09-30
SBH,"Sally Beauty Holdings, Inc. (Name to be changed from Sally Holdings, Inc.) Common Stock",NYSE,2026-09-30
SBLK,Star Bulk Carriers Corp. - Common Shares,NASDAQ,2026-09-30
SBR,Sabine Royalty Trust Common Stock,NYSE,2026-09-30
SBRA,"Sabra Health Care REIT, Inc. - Common Stock",NASDAQ,2026-09-30
SBS,Companhia de saneamento Basico Do Estado De Sao Paulo - Sabesp American Depositary Shares (Each repstg 250 Common Shares),NYSE,2026-09-30
SBSI,"Southside Bancshares, Inc. Common Stock",NYSE,2026-09-30
SBSW,D/B/A Sibanye-Stillwater Limited ADS,NYSE,2026-09-30
SBUX,Starbucks Corporation - Common Stock,NASDAQ,2026-09-30
SCCO,Southern Copper Corporation Common Stock,NYSE,2026-09-30
SCHL,Scholastic Corporation - Common Stock,NASDAQ,2026-09-30
SCHW,Charles Schwab Corporation (The) Common Stock,NYSE,2026-09-30
SCI,Service Corporation International Common Stock,NYSE,2026-09-30
SCL,Stepan Company Common Stock,NYSE,2026-09-30
SCM,Stellus Capital Investment Corporation Common Stock,NYSE,2026-09-30
SCSC,"ScanSource, Inc. - Common Stock",NASDAQ,2026-09-30
SCTX,Scribe Therapeutics Inc. - Common Stock,NASDAQ,2026-09-30
SCYX,"SCYNEXIS, Inc. - Common Stock",NASDAQ,2026-09-30
SCZM,Santacruz Silver Mining Ltd. - Common Shares,NASDAQ,2026-09-30
SD,"SandRidge Energy, Inc. Common Stock",NYSE,2026-09-30
SDEV,Stablecoin Development Corporation Common Stock,AMEX,2026-09-30
SDGR,"Schrodinger, Inc. - Common Stock",NASDAQ,2026-09-30
SDOT,Sadot Group Inc. - Common Stock,NASDAQ,2026-09-30
SDRL,Seadrill Limited Common Shares,NYSE,2026-09-30
SE,"Sea Limited American Depositary Shares, each representing one Class A Ordinary Share",NYSE,2026-09-30
SEB,Seaboard Corporation Common Stock,AMEX,2026-09-30
SECZ,Securitize Corp. Common Stock,NYSE,2026-09-30
SEDG,"SolarEdge Technologies, Inc. - Common Stock",NASDAQ,2026-09-30
SEG,Seaport Entertainment Group Inc. Common Stock,NYSE,2026-09-30
SEI,"Solaris Energy Infrastructure, Inc. Class A Common Stock",NYSE,2026-09-30
SEIC,SEI Investments Company - Common Stock,NASDAQ,2026-09-30
SENEA,Seneca Foods Corp. - Class A Common Stock,NASDAQ,2026-09-30
SENS,"Senseonics Holdings, Inc. - Common Stock",NASDAQ,2026-09-30
SEPN,"Septerna, Inc. - Common Stock",NASDAQ,2026-09-30
SERV,Serve Robotics Inc. - Common Stock,NASDAQ,2026-09-30
SEVN,Seven Hills Realty Trust  - Common Stock,NASDAQ,2026-09-30
SEZL,Sezzle Inc. - Common Stock,NASDAQ,2026-09-30
SF,Stifel Financial Corporation Common Stock,NYSE,2026-09-30
SFBS,"ServisFirst Bancshares, Inc. Common Stock",NYSE,2026-09-30
SFD,"Smithfield Foods, Inc. - Common Stock",NASDAQ,2026-09-30
SFIX,"Stitch Fix, Inc. - Class A Common Stock",NASDAQ,2026-09-30
SFL,SFL Corporation Ltd,NYSE,2026-09-30
SFM,"Sprouts Farmers Market, Inc. - Common Stock",NASDAQ,2026-09-30
SFNC,Simmons First National Corporation - Common Stock,NASDAQ,2026-09-30
SFST,"Southern First Bancshares, Inc. - Common Stock",NASDAQ,2026-09-30
SG,"Sweetgreen, Inc. Class A Common Stock",NYSE,2026-09-30
SGHC,Super Group (SGHC) Limited Ordinary Shares,NYSE,2026-09-30
SGHT,"Sight Sciences, Inc. - Common Stock",NASDAQ,2026-09-30
SGI,Somnigroup International Inc. Common Stock,NYSE,2026-09-30
SGLD,Scorpio Gold Corporation - Common Stock,NASDAQ,2026-09-30
SGML,Sigma Lithium Corporation - common shares,NASDAQ,2026-09-30
SGMT,Sagimet Biosciences Inc. - Series A Common Stock,NASDAQ,2026-09-30
SGP,"SpyGlass Pharma, Inc. - Common Stock",NASDAQ,2026-09-30
SGRY,"Surgery Partners, Inc. - Common Stock",NASDAQ,2026-09-30
SHAK,"Shake Shack, Inc. Class A Common Stock",NYSE,2026-09-30
SHAZ,"SharonAI Holdings, Inc. - Class A Common Stock",NASDAQ,2026-09-30
SHBI,"Shore Bancshares, Inc. - Common Stock",NASDAQ,2026-09-30
SHC,Sotera Health Company - Common Stock,NASDAQ,2026-09-30
SHEL,Shell PLC American Depositary Shares (each representing two (2) Ordinary Shares),NYSE,2026-09-30
SHEN,Shenandoah Telecommunications Co - Common Stock,NASDAQ,2026-09-30
SHG,Shinhan Financial Group Co Ltd American Depositary Shares,NYSE,2026-09-30
SHIP,Seanergy Maritime Holdings Corp. - Common Stock,NASDAQ,2026-09-30
SHLS,"Shoals Technologies Group, Inc. - Class A Common Stock",NASDAQ,2026-09-30
SHMD,SCHMID Group N.V. - Class A Ordinary Shares,NASDAQ,2026-09-30
SHO,"Sunstone Hotel Investors, Inc. Sunstone Hotel Investors, Inc. Common Shares",NYSE,2026-09-30
SHOE,"Shoe Station Group, Inc. - Common Stock",NASDAQ,2026-09-30
SHOO,"Steven Madden, Ltd. - Common Stock",NASDAQ,2026-09-30
SHOP,Shopify Inc. - Class A Subordinate Voting Shares,NASDAQ,2026-09-30
SHW,Sherwin-Williams Company (The) Common Stock,NYSE,2026-09-30
SI,"Shoulder Innovations, Inc. Common Stock",NYSE,2026-09-30
SIBN,"SI-BONE, Inc. - Common Stock",NASDAQ,2026-09-30
SIF,"SIFCO Industries, Inc. Common Stock",AMEX,2026-09-30
SIG,Signet Jewelers Limited Common Shares,NYSE,2026-09-30
SIGA,SIGA Technologies Inc. - Common Stock,NASDAQ,2026-09-30
SIGI,"Selective Insurance Group, Inc. - Common Stock",NASDAQ,2026-09-30
SII,Sprott Inc. Common Shares,NYSE,2026-09-30
SILC,Silicom Ltd - Ordinary Shares,NASDAQ,2026-09-30
SIMO,"Silicon Motion Technology Corporation - American Depositary Shares, each representing four ordinary shares",NASDAQ,2026-09-30
SIND,Sinda Ltd. Common Stock,NYSE,2026-09-30
SION,"Sionna Therapeutics, Inc. - Common Stock",NASDAQ,2026-09-30
SIRI,SiriusXM Holdings Inc. - Common Stock,NASDAQ,2026-09-30
SITC,SITE Centers Corp. Common Stock,NYSE,2026-09-30
SITE,"SiteOne Landscape Supply, Inc. Common Stock",NYSE,2026-09-30
SITM,SiTime Corporation - Common Stock,NASDAQ,2026-09-30
SJM,The J.M. Smucker Company Common Stock,NYSE,2026-09-30
SJT,San Juan Basin Royalty Trust Common Stock,NYSE,2026-09-30
SKE,Skeena Resources Limited Common Shares,NYSE,2026-09-30
SKHY,SK hynix Inc. - American Depositary Shares,NASDAQ,2026-09-30
SKM,"SK Telecom Co., Ltd. Common Stock",NYSE,2026-09-30
SKT,Tanger Inc. Common Stock,NYSE,2026-09-30
SKWD,"Skyward Specialty Insurance Group, Inc. - Common Stock",NASDAQ,2026-09-30
SKY,"Champion Homes, Inc. Common Stock",NYSE,2026-09-30
SKYH,Sky Harbour Group Corporation Class A Common Stock,NYSE,2026-09-30
SKYQ,Sky Quarry Inc. - Common Stock,NASDAQ,2026-09-30
SKYW,"SkyWest, Inc. - Common Stock",NASDAQ,2026-09-30
SLAB,"Silicon Laboratories, Inc. - Common Stock",NASDAQ,2026-09-30
SLB,SLB Limited Common Shares,NYSE,2026-09-30
SLDB,Solid Biosciences Inc. - Common Stock,NASDAQ,2026-09-30
SLDE,"Slide Insurance Holdings, Inc. - Common Stock",NASDAQ,2026-09-30
SLDP,"Solid Power, Inc. - Class A Common Stock",NASDAQ,2026-09-30
SLE,"Super League Enterprise, Inc. - Common Stock",NASDAQ,2026-09-30
SLF,Sun Life Financial Inc. Common Stock,NYSE,2026-09-30
SLG,SL Green Realty Corp Common Stock,NYSE,2026-09-30
SLGL,Sol-Gel Technologies Ltd. - Ordinary Shares,NASDAQ,2026-09-30
SLGN,Silgan Holdings Inc. Common Stock,NYSE,2026-09-30
SLM,SLM Corporation - Common Stock,NASDAQ,2026-09-30
SLN,Silence Therapeutics Plc - American Depository Share,NASDAQ,2026-09-30
SLP,"Simulations Plus, Inc. - Common Stock",NASDAQ,2026-09-30
SLS,"SELLAS Life Sciences Group, Inc.  - Common Stock",NASDAQ,2026-09-30
SLSR,Solaris Resources Inc. Common Shares,AMEX,2026-09-30
SLVM,Sylvamo Corporation Common Stock,NYSE,2026-09-30
SM,SM Energy Company Common Stock,NYSE,2026-09-30
SMA,"SmartStop Self Storage REIT, Inc. Common Stock",NYSE,2026-09-30
SMBC,"Southern Missouri Bancorp, Inc. - Common Stock",NASDAQ,2026-09-30
SMBK,"SmartFinancial, Inc. Common Stock",NYSE,2026-09-30
SMC,Summit Midstream Corporation Common Stock,NYSE,2026-09-30
SMCI,"Super Micro Computer, Inc. - Common Stock",NASDAQ,2026-09-30
SMFG,Sumitomo Mitsui Financial Group Inc Unsponsored American Depositary Shares (Japan),NYSE,2026-09-30
SMG,Scotts Miracle-Gro Company (The) Common Stock,NYSE,2026-09-30
SMJF,SMJ International Holdings Inc. Class A Ordinary Shares,AMEX,2026-09-30
SMMT,Summit Therapeutics Inc.  - Common Stock,NASDAQ,2026-09-30
SMP,"Standard Motor Products, Inc. Common Stock",NYSE,2026-09-30
SMPL,The Simply Good Foods Company - Common Stock,NASDAQ,2026-09-30
SMR,NuScale Power Corporation Class A Common Stock,NYSE,2026-09-30
SMTC,Semtech Corporation - Common Stock,NASDAQ,2026-09-30
SMTI,Sanara MedTech Inc. - Common Stock,NASDAQ,2026-09-30
SMWB,Similarweb Ltd. Ordinary Shares,NYSE,2026-09-30
SN,"SharkNinja, Inc. Ordinary Shares",NYSE,2026-09-30
SNA,Snap-On Incorporated Common Stock,NYSE,2026-09-30
SNAP,Snap Inc. Class A Common Stock,NYSE,2026-09-30
SND,"Smart Sand, Inc. - Common Stock",NASDAQ,2026-09-30
SNDA,"Sonida Senior Living, Inc. Common Stock",NYSE,2026-09-30
SNDK,Sandisk Corporation - Common Stock When-Issued,NASDAQ,2026-09-30
SNDR,"Schneider National, Inc. Common Stock",NYSE,2026-09-30
SNDX,"Syndax Pharmaceuticals, Inc. - Common Stock",NASDAQ,2026-09-30
SNEX,StoneX Group Inc. - Common Stock,NASDAQ,2026-09-30
SNN,"Smith & Nephew SNATS, Inc. Common Stock",NYSE,2026-09-30
SNOW,Snowflake Inc. Common Stock,NYSE,2026-09-30
SNPS,"Synopsys, Inc. - Common Stock",NASDAQ,2026-09-30
SNX,TD SYNNEX Corporation Common Stock,NYSE,2026-09-30
SNY,Sanofi - American Depositary Shares,NASDAQ,2026-09-30
SO,Southern Company (The) Common Stock,NYSE,2026-09-30
SOBO,South Bow Corporation Common Shares,NYSE,2026-09-30
SOC,Sable Offshore Corp. Common Stock,NYSE,2026-09-30
SOFI,"SoFi Technologies, Inc.  - Common Stock",NASDAQ,2026-09-30
SOHU,Sohu.com Limited  - American Depositary Shares,NASDAQ,2026-09-30
SOLS,Solstice Advanced Materials Inc. - Common Stock,NASDAQ,2026-09-30
SOLV,Solventum Corporation Common Stock,NYSE,2026-09-30
SON,Sonoco Products Company Common Stock,NYSE,2026-09-30
SONO,"Sonos, Inc. - Common Stock",NASDAQ,2026-09-30
SONY,Sony Group Corporation American Depositary Shares,NYSE,2026-09-30
SOPH,SOPHiA GENETICS SA - Ordinary Shares,NASDAQ,2026-09-30
SOUN,"SoundHound AI, Inc. - Class A Common Stock",NASDAQ,2026-09-30
SPB,"Spectrum Brands Holdings, Inc. Common Stock",NYSE,2026-09-30
SPCE,"Virgin Galactic Holdings, Inc. Common Stock",NYSE,2026-09-30
SPCX,Space Exploration Technologies Corp. - Class A Common Stock,NASDAQ,2026-09-30
SPFI,"South Plains Financial, Inc. - Common Stock",NASDAQ,2026-09-30
SPG,"Simon Property Group, Inc. Common Stock",NYSE,2026-09-30
SPGI,S&P Global Inc. Common Stock,NYSE,2026-09-30
SPH,"Suburban Propane Partners, L.P. Common Stock",NYSE,2026-09-30
SPHL,Springview Holdings Ltd - Ordinary shares,NASDAQ,2026-09-30
SPHR,Sphere Entertainment Co. Class A Common Stock,NYSE,2026-09-30
SPIR,"Spire Global, Inc. Class A Common Stock",NYSE,2026-09-30
SPNT,SiriusPoint Ltd. Common Shares,NYSE,2026-09-30
SPOK,"Spok Holdings, Inc. - Common Stock",NASDAQ,2026-09-30
SPOT,Spotify Technology S.A. Ordinary Shares,NYSE,2026-09-30
SPRB,"Spruce Biosciences, Inc. - Common Stock",NASDAQ,2026-09-30
SPRY,"ARS Pharmaceuticals, Inc. - Common Stock",NASDAQ,2026-09-30
SPSC,"SPS Commerce, Inc. - Common Stock",NASDAQ,2026-09-30
SPT,"Sprout Social, Inc - Class A Common Stock",NASDAQ,2026-09-30
SPTX,"Seaport Therapeutics, Inc. - Common Stock",NASDAQ,2026-09-30
SPXC,"SPX Technologies, Inc. Common Stock",NYSE,2026-09-30
SQM,Sociedad Quimica y Minera S.A. Common Stock,NYSE,2026-09-30
SR,Spire Inc. Common Stock,NYSE,2026-09-30
SRAD,Sportradar Group AG - Class A Ordinary Shares,NASDAQ,2026-09-30
SRCE,1st Source Corporation - Common Stock,NASDAQ,2026-09-30
SRE,DBA Sempra Common Stock,NYSE,2026-09-30
SRI,"Stoneridge, Inc. Common Stock",NYSE,2026-09-30
SRPT,"Sarepta Therapeutics, Inc. - Common Stock",NASDAQ,2026-09-30
SRRK,Scholar Rock Holding Corporation - Common Stock,NASDAQ,2026-09-30
SRTA,"Strata Critical Medical, Inc. - Class A Common Stock",NASDAQ,2026-09-30
SRZN,"Surrozen, Inc. - Common Stock",NASDAQ,2026-09-30
SSB,SouthState Bank Corporation Common Stock,NYSE,2026-09-30
SSD,"Simpson Manufacturing Company, Inc. Common Stock",NYSE,2026-09-30
SSL,Sasol Ltd. American Depositary Shares,NYSE,2026-09-30
SSMR,Sunshine Silver Mining & Refining Company Common Stock,NYSE,2026-09-30
SSNC,"SS&C Technologies Holdings, Inc. - Common Stock",NASDAQ,2026-09-30
SSP,E.W. Scripps Company (The) - Class A Common Stock,NASDAQ,2026-09-30
SSRM,SSR Mining Inc. - Common Stock,NASDAQ,2026-09-30
SST,"System1, Inc. Class A Common Stock",NYSE,2026-09-30
SSTI,"SoundThinking, Inc. - Common Stock",NASDAQ,2026-09-30
SSTK,"Shutterstock, Inc. Common Stock",NYSE,2026-09-30
SSYS,"Stratasys, Ltd. - Common Stock",NASDAQ,2026-09-30
ST,Sensata Technologies Holding plc Ordinary Shares,NYSE,2026-09-30
STAA,STAAR Surgical Company - Common Stock,NASDAQ,2026-09-30
STAG,"Stag Industrial, Inc. Common Stock",NYSE,2026-09-30
STBA,"S&T Bancorp, Inc. - Common Stock",NASDAQ,2026-09-30
STC,Stewart Information Services Corporation Common Stock,NYSE,2026-09-30
STDN,"Standard Nuclear, Inc. Class A Common Stock",NYSE,2026-09-30
STE,STERIS plc (Ireland) Ordinary Shares,NYSE,2026-09-30
STEP,StepStone Group Inc. - Class A Common Stock,NASDAQ,2026-09-30
STGW,Stagwell Inc. - Class A Common Stock,NASDAQ,2026-09-30
STI,"Solidion Technology, Inc. - Common Stock",NASDAQ,2026-09-30
STIM,"Neuronetics, Inc. - Common Stock",NASDAQ,2026-09-30
STLA,Stellantis N.V. Common Shares,NYSE,2026-09-30
STLD,"Steel Dynamics, Inc. - Common Stock",NASDAQ,2026-09-30
STLN,"Starling Oncology, Inc. - Common Stock",NASDAQ,2026-09-30
STM,STMicroelectronics N.V. Common Stock,NYSE,2026-09-30
STN,Stantec Inc Common Stock,NYSE,2026-09-30
STNE,StoneCo Ltd. - Class A Common Share,NASDAQ,2026-09-30
STNG,Scorpio Tankers Inc. Common Shares,NYSE,2026-09-30
STOK,"Stoke Therapeutics, Inc. - Common Stock",NASDAQ,2026-09-30
STRA,"Strategic Education, Inc. - Common Stock",NASDAQ,2026-09-30
STRL,"Sterling Infrastructure, Inc. - Common Stock",NASDAQ,2026-09-30
STRO,"Sutro Biopharma, Inc. - Common Stock",NASDAQ,2026-09-30
STRT,STRATTEC SECURITY CORPORATION - Common Stock,NASDAQ,2026-09-30
STRZ,Starz Entertainment Corp. - Common Shares,NASDAQ,2026-09-30
STT,State Street Corporation Common Stock,NYSE,2026-09-30
STTK,"Shattuck Labs, Inc. - Common Stock",NASDAQ,2026-09-30
STUB,"StubHub Holdings, Inc. Class A Common Stock",NYSE,2026-09-30
STVN,Stevanato Group S.p.A. Ordinary Shares,NYSE,2026-09-30
STWD,"STARWOOD PROPERTY TRUST, INC. Starwood Property Trust Inc.",NYSE,2026-09-30
STX,Seagate Technology Holdings PLC - Ordinary Shares (Ireland),NASDAQ,2026-09-30
STZ,"Constellation Brands, Inc. Common Stock",NYSE,2026-09-30
SU,Suncor Energy  Inc. Common Stock,NYSE,2026-09-30
SUI,"Sun Communities, Inc. Common Stock",NYSE,2026-09-30
SUJA,"Suja Life, Inc. - Class A Common Stock",NASDAQ,2026-09-30
SUNB,"Sunbelt Rentals Holdings, Inc. Common Stock",NYSE,2026-09-30
SUNE,"SUNation Energy, Inc. - Common Stock",NASDAQ,2026-09-30
SUPN,"Supernus Pharmaceuticals, Inc. - Common Stock",NASDAQ,2026-09-30
SUPV,Grupo Supervielle S.A. American Depositary Shares each Representing five Class B shares,NYSE,2026-09-30
SUPX,SuperX AI Technology Limited - Ordinary Shares,NASDAQ,2026-09-30
SUZ,Suzano S.A. American Depositary Shares (each representing One Ordinary Share),NYSE,2026-09-30
SVC,Service Properties Trust - Common Shares of Beneficial Interest,NASDAQ,2026-09-30
SVCO,"Silvaco Group, Inc. - Common Stock",NASDAQ,2026-09-30
SVIA,"Silvia, Inc. - Common Stock",NASDAQ,2026-09-30
SVM,Silvercorp Metals Inc. Common Shares,AMEX,2026-09-30
SVRA,"Savara, Inc. - Common Stock",NASDAQ,2026-09-30
SVRN,"SVRN, Inc. - Common Stock",NASDAQ,2026-09-30
SVV,"Savers Value Village, Inc. Common Stock",NYSE,2026-09-30
SW,Smurfit WestRock plc Ordinary Shares,NYSE,2026-09-30
SWBI,"Smith & Wesson Brands, Inc. - Common Stock",NASDAQ,2026-09-30
SWIM,"Latham Group, Inc. - Common Stock",NASDAQ,2026-09-30
SWK,"Stanley Black & Decker, Inc. Common Stock",NYSE,2026-09-30
SWKS,"Skyworks Solutions, Inc. - Common Stock",NASDAQ,2026-09-30
SWMR,"Swarmer, Inc - common stock",NASDAQ,2026-09-30
SWRD,Stewards Inc - Common Stock,NASDAQ,2026-09-30
SWVL,Swvl Holdings Corp - Ordinary Shares,NASDAQ,2026-09-30
SWX,"Southwest Gas Holdings, Inc. Common Stock (DE)",NYSE,2026-09-30
SXC,"SunCoke Energy, Inc. Common Stock",NYSE,2026-09-30
SXI,Standex International Corporation Common Stock,NYSE,2026-09-30
SXT,Sensient Technologies Corporation Common Stock,NYSE,2026-09-30
SXTC,"China SXT Pharmaceuticals, Inc. - Class A Ordinary Shares",NASDAQ,2026-09-30
SY,So-Young International Inc. - American Depository Shares,NASDAQ,2026-09-30
SYBT,"Stock Yards Bancorp, Inc. - Common Stock",NASDAQ,2026-09-30
SYF,Synchrony Financial Common Stock,NYSE,2026-09-30
SYK,Stryker Corporation Common Stock,NYSE,2026-09-30
SYM,Symbotic Inc. - Class A Common Stock,NASDAQ,2026-09-30
SYNA,Synaptics Incorporated - Common Stock,NASDAQ,2026-09-30
SYRE,"Spyre Therapeutics, Inc. - Common Stock",NASDAQ,2026-09-30
SYY,Sysco Corporation Common Stock,NYSE,2026-09-30
T,AT&T Inc.,NYSE,2026-09-30
TAC,TransAlta Corporation Ordinary Shares,NYSE,2026-09-30
TAK,Takeda Pharmaceutical Company Limited American Depositary Shares (each representing 1/2 of a share of Common Stock),NYSE,2026-09-30
TAL,TAL Education Group American Depositary Shares,NYSE,2026-09-30
TALO,"Talos Energy, Inc. Common Stock",NYSE,2026-09-30
TANH,Tantech Holdings Ltd. - Class A Common Shares,NASDAQ,2026-09-30
TAOX,Tao Synergies Inc. - Common Stock,NASDAQ,2026-09-30
TAP,Molson Coors Beverage Company Class B Common Stock,NYSE,2026-09-30
TARA,"Protara Therapeutics, Inc.  - Common Stock",NASDAQ,2026-09-30
TARS,"Tarsus Pharmaceuticals, Inc. - Common Stock",NASDAQ,2026-09-30
TASK,"TaskUs, Inc. - Class A Common Stock",NASDAQ,2026-09-30
TATT,TAT Technologies Ltd. - Ordinary Shares,NASDAQ,2026-09-30
TAYD,"Taylor Devices, Inc. - Common Stock",NASDAQ,2026-09-30
TBBB,BBB Foods Inc. Class A Common Shares,NYSE,2026-09-30
TBBK,"The Bancorp, Inc. - Common Stock",NASDAQ,2026-09-30
TBCH,Turtle Beach Corporation - Common Stock,NASDAQ,2026-09-30
TBI,"TrueBlue, Inc. Common Stock",NYSE,2026-09-30
TBLA,Taboola.com Ltd. - Ordinary Shares,NASDAQ,2026-09-30
TBN,Tamboran Resources Corporation Common stock,NYSE,2026-09-30
TCBI,"Texas Capital Bancshares, Inc. - Common Stock",NASDAQ,2026-09-30
TCBK,TriCo Bancshares - Common Stock,NASDAQ,2026-09-30
TCBX,"Third Coast Bancshares, Inc. Common Stock",NYSE,2026-09-30
TCI,"Transcontinental Realty Investors, Inc. Common Stock",NYSE,2026-09-30
TCMD,"Tactile Systems Technology, Inc. - Common Stock",NASDAQ,2026-09-30
TCOM,Trip.com Group Limited - American Depositary Shares,NASDAQ,2026-09-30
TD,Toronto Dominion Bank (The) Common Stock,NYSE,2026-09-30
TDAY,"USA TODAY Co., Inc. Common Stock",NYSE,2026-09-30
TDC,Teradata Corporation Common Stock,NYSE,2026-09-30
TDG,Transdigm Group Incorporated Common Stock,NYSE,2026-09-30
TDIC,Dreamland Limited - Class A Ordinary Shares,NASDAQ,2026-09-30
TDOC,"Teladoc Health, Inc. Common Stock",NYSE,2026-09-30
TDS,"Telephone and Data Systems, Inc. Common Shares",NYSE,2026-09-30
TDUP,ThredUp Inc. - Class A Common Stock,NASDAQ,2026-09-30
TDW,Tidewater Inc. Common Stock,NYSE,2026-09-30
TDY,Teledyne Technologies Incorporated Common Stock,NYSE,2026-09-30
TE,T1 Energy Inc. Common Stock,NYSE,2026-09-30
TEAM,Atlassian Corporation  - Class A Common Stock,NASDAQ,2026-09-30
TECH,Bio-Techne Corp - Common Stock,NASDAQ,2026-09-30
TECK,Teck Resources Ltd Ordinary Shares,NYSE,2026-09-30
TECX,"Tectonic Therapeutic, Inc. - Common Stock",NASDAQ,2026-09-30
TEL,TE Connectivity plc Ordinary Shares,NYSE,2026-09-30
TEM,"Tempus AI, Inc. - Class A Common Stock",NASDAQ,2026-09-30
TEN,Tsakos Energy Navigation Ltd Common Shares,NYSE,2026-09-30
TENB,"Tenable Holdings, Inc. - Common Stock",NASDAQ,2026-09-30
TEO,Telecom Argentina SA,NYSE,2026-09-30
TER,"Teradyne, Inc. - Common Stock",NASDAQ,2026-09-30
TEVA,Teva Pharmaceutical Industries Limited Ordinary Shares,NYSE,2026-09-30
TEX,Terex Corporation Common Stock,NYSE,2026-09-30
TFC,Truist Financial Corporation Common Stock,NYSE,2026-09-30
TFII,TFI International Inc. Common Shares,NYSE,2026-09-30
TFIN,"Triumph Financial, Inc. Common Stock",NYSE,2026-09-30
TFPM,Triple Flag Precious Metals Corp. Common Shares,NYSE,2026-09-30
TFSL,TFS Financial Corporation - Common Stock,NASDAQ,2026-09-30
TFX,Teleflex Incorporated Common Stock,NYSE,2026-09-30
TG,Tredegar Corporation Common Stock,NYSE,2026-09-30
TGB,Trekor Metals Limited Common Shares,AMEX,2026-09-30
TGLS,Tecnoglass Holdings Inc. Common Stock,NYSE,2026-09-30
TGS,Transportadora de Gas del Sur SA TGS Common Stock,NYSE,2026-09-30
TGT,Target Corporation Common Stock,NYSE,2026-09-30
TGTX,"TG Therapeutics, Inc. - Common Stock",NASDAQ,2026-09-30
TH,Target Hospitality Corp. - Common Stock,NASDAQ,2026-09-30
THC,Tenet Healthcare Corporation Common Stock,NYSE,2026-09-30
THFF,First Financial Corporation  - Common Stock,NASDAQ,2026-09-30
THG,Hanover Insurance Group Inc,NYSE,2026-09-30
THM,"International Tower Hill Mines, Ltd. Ordinary Shares (Canada)",AMEX,2026-09-30
THO,"Thor Industries, Inc. Common Stock",NYSE,2026-09-30
THRM,Gentherm Inc - Common Stock,NASDAQ,2026-09-30
TIC,"TIC Solutions, Inc. Common Stock",NYSE,2026-09-30
TIGO,Millicom International Cellular S.A. - Common Stock,NASDAQ,2026-09-30
TIGR,UP Fintech Holding Limited - American Depositary Shares representing fifteen Class A Ordinary Shares,NASDAQ,2026-09-30
TILE,"Interface, Inc. - Common Stock",NASDAQ,2026-09-30
TIMB,TIM S.A. American Depositary Shares (Each representing 5 Common Shares),NYSE,2026-09-30
TIPT,Tiptree Inc. - Common Stock,NASDAQ,2026-09-30
TISI,"Team, Inc. Common Stock",NYSE,2026-09-30
TITN,Titan Machinery Inc. - Common Stock,NASDAQ,2026-09-30
TJGC,TJGC Group Limited - Class A Ordinary Shares,NASDAQ,2026-09-30
TJX,"TJX Companies, Inc. (The) Common Stock",NYSE,2026-09-30
TK,Teekay Corporation Ltd. Common Stock,NYSE,2026-09-30
TKC,Turkcell Iletisim Hizmetleri AS Common Stock,NYSE,2026-09-30
TKNO,"Alpha Teknova, Inc. - Common Stock",NASDAQ,2026-09-30
TKO,"TKO Group Holdings, Inc. Class A Common Stock",NYSE,2026-09-30
TKR,Timken Company (The) Common Stock,NYSE,2026-09-30
TLK,"PT Telekomunikasi Indonesia, Tbk",NYSE,2026-09-30
TLN,Talen Energy Corporation - Common Stock,NASDAQ,2026-09-30
TLNC,Talon Capital Corp. - Class A Ordinary Shares,NASDAQ,2026-09-30
TLRY,"Tilray Brands, Inc. - Common Stock",NASDAQ,2026-09-30
TLS,Telos Corporation - Common Stock,NASDAQ,2026-09-30
TLSI,"TriSalus Life Sciences, Inc. - Common Stock",NASDAQ,2026-09-30
TLX,Telix Pharmaceuticals Limited - American Depositary Shares,NASDAQ,2026-09-30
TLYS,"Tilly's, Inc. Common Stock",NYSE,2026-09-30
TM,Toyota Motor Corporation Common Stock,NYSE,2026-09-30
TMC,TMC the metals company Inc. - Common Stock,NASDAQ,2026-09-30
TMDX,"TransMedics Group, Inc. - Common Stock",NASDAQ,2026-09-30
TME,"Tencent Music Entertainment Group American Depositary Shares, each representing two Class A Ordinary Shares",NYSE,2026-09-30
TMO,Thermo Fisher Scientific Inc Common Stock,NYSE,2026-09-30
TMP,Tompkins Financial Corporation Common Stock,AMEX,2026-09-30
TMQ,Trilogy Metals Inc. Common Stock,AMEX,2026-09-30
TMS,Teamshares Inc. - Common Stock,NASDAQ,2026-09-30
TMUS,"T-Mobile US, Inc. - Common Stock",NASDAQ,2026-09-30
TNC,Tennant Company Common Stock,NYSE,2026-09-30
TNDM,"Tandem Diabetes Care, Inc. - Common Stock",NASDAQ,2026-09-30
TNET,"TriNet Group, Inc. Common Stock",NYSE,2026-09-30
TNGX,"Tango Therapeutics, Inc. - Common Stock",NASDAQ,2026-09-30
TNK,Teekay Tankers Ltd.,NYSE,2026-09-30
TNL,Travel   Leisure Co. Common  Stock,NYSE,2026-09-30
TNMG,TNL Mediagene - Ordinary Shares,NASDAQ,2026-09-30
TNON,"Tenon Medical, Inc. - Common Stock",NASDAQ,2026-09-30
TNXP,Tonix Pharmaceuticals Holding Corp. - Common Stock,NASDAQ,2026-09-30
TOL,"Toll Brothers, Inc. Common Stock",NYSE,2026-09-30
TONX,TON Strategy Company - Common Stock,NASDAQ,2026-09-30
TOP,TOP Financial Group Limited - Class A Ordinary Shares,NASDAQ,2026-09-30
TOST,"Toast, Inc. Class A Common Stock",NYSE,2026-09-30
TOWN,Towne Bank - Common Stock,NASDAQ,2026-09-30
TOYO,"TOYO Co., Ltd - Ordinary Shares",NASDAQ,2026-09-30
TPB,"Turning Point Brands, Inc. Common Stock",NYSE,2026-09-30
TPC,Tutor Perini Corporation Common Stock,NYSE,2026-09-30
TPG,TPG Inc. - Class A Common Stock,NASDAQ,2026-09-30
TPL,Texas Pacific Land Corporation Common Stock,NYSE,2026-09-30
TPR,"Tapestry, Inc. Common Stock",NYSE,2026-09-30
TPVG,TriplePoint Venture Growth BDC Corp. Common Stock,NYSE,2026-09-30
TR,"Tootsie Roll Industries, Inc. Common Stock",NYSE,2026-09-30
TRAX,"First Tracks Biotherapeutics, Inc. - Ordinary Shares",NASDAQ,2026-09-30
TRBG,TurboGen Ltd. - Ordinary Shares,NASDAQ,2026-09-30
TRC,Tejon Ranch Co Common Stock,NYSE,2026-09-30
TRDA,"Entrada Therapeutics, Inc. - Common Stock",NASDAQ,2026-09-30
TREE,"LendingTree, Inc. - Common Stock",NASDAQ,2026-09-30
TREX,"Trex Company, Inc. Common Stock",NYSE,2026-09-30
TRGP,"Targa Resources, Inc. Common Stock",NYSE,2026-09-30
TRI,Thomson Reuters Corp - Common Shares,NASDAQ,2026-09-30
TRIN,Trinity Capital Inc. Common Stock,NYSE,2026-09-30
TRIP,"TripAdvisor, Inc. - Common Stock",NASDAQ,2026-09-30
TRLV,Trulieve Cannabis Corp. Subordinate Voting Shares,NYSE,2026-09-30
TRMB,Trimble Inc. - Common Stock,NASDAQ,2026-09-30
TRMD,TORM plc - Class A Common Stock,NASDAQ,2026-09-30
TRMK,Trustmark Corporation - Common Stock,NASDAQ,2026-09-30
TRN,"Trinity Industries, Inc. Common Stock",NYSE,2026-09-30
TRNO,Terreno Realty Corporation Common Stock,NYSE,2026-09-30
TRNS,"Transcat, Inc. - Common Stock",NASDAQ,2026-09-30
TROW,"T. Rowe Price Group, Inc. - Common Stock",NASDAQ,2026-09-30
TROX,Tronox Holdings plc Ordinary Shares (UK),NYSE,2026-09-30
TRP,TC Energy Corporation Common Stock,NYSE,2026-09-30
TRS,TriMas Corporation - Common Stock,NASDAQ,2026-09-30
TRST,TrustCo Bank Corp NY - Common Stock,NASDAQ,2026-09-30
TRT,Trio-Tech International - Common Stock,NASDAQ,2026-09-30
TRTX,"TPG RE Finance Trust, Inc. Common Stock",NYSE,2026-09-30
TRU,TransUnion Common Stock,NYSE,2026-09-30
TRUG,"TruGolf Holdings, Inc. - Class A Common Stock",NASDAQ,2026-09-30
TRUP,"Trupanion, Inc. - Common Stock",NASDAQ,2026-09-30
TRV,"The Travelers Companies, Inc. Common Stock",NYSE,2026-09-30
TRVG,trivago N.V. - American Depositary Shares,NASDAQ,2026-09-30
TRVI,"Trevi Therapeutics, Inc. - Common Stock",NASDAQ,2026-09-30
TS,Tenaris S.A. American Depositary Shares,NYSE,2026-09-30
TSAT,Telesat Corporation - Class A Common Shares and Class B Variable Voting Shares,NASDAQ,2026-09-30
TSBK,"Timberland Bancorp, Inc. - Common Stock",NASDAQ,2026-09-30
TSCO,Tractor Supply Company - Common Stock,NASDAQ,2026-09-30
TSEM,Tower Semiconductor Ltd. - Ordinary Shares,NASDAQ,2026-09-30
TSHA,"Taysha Gene Therapies, Inc. - Common Stock",NASDAQ,2026-09-30
TSLA,"Tesla, Inc.  - Common Stock",NASDAQ,2026-09-30
TSLX,"Sixth Street Specialty Lending, Inc. Common Stock",NYSE,2026-09-30
TSM,Taiwan Semiconductor Manufacturing Company Ltd.,NYSE,2026-09-30
TSN,"Tyson Foods, Inc. Common Stock",NYSE,2026-09-30
TSSI,"TSS, Inc. - Common Stock",NASDAQ,2026-09-30
TT,Trane Technologies plc,NYSE,2026-09-30
TTAM,Titan America SA Common Shares,NYSE,2026-09-30
TTAN,"ServiceTitan, Inc. - Class A Common Stock",NASDAQ,2026-09-30
TTC,Toro Company (The) Common Stock,NYSE,2026-09-30
TTD,"The Trade Desk, Inc. - Class A Common Stock",NASDAQ,2026-09-30
TTE,TotalEnergies SE Ordinary Shares,NYSE,2026-09-30
TTEK,"Tetra Tech, Inc. - Common Stock",NASDAQ,2026-09-30
TTGT,"TechTarget, Inc. - Common Stock",NASDAQ,2026-09-30
TTI,"Tetra Technologies, Inc. Common Stock",NYSE,2026-09-30
TTMI,"TTM Technologies, Inc. - Common Stock",NASDAQ,2026-09-30
TTRX,Turn Therapeutics Inc. - Common Stock,NASDAQ,2026-09-30
TTWO,"Take-Two Interactive Software, Inc. - Common Stock",NASDAQ,2026-09-30
TU,Telus Corporation Ordinary Shares,NYSE,2026-09-30
TV,Grupo Televisa S.A.B. Common Stock,NYSE,2026-09-30
TVA,Texas Ventures Acquisition III Corp - Class A Ordinary Share,NASDAQ,2026-09-30
TVTX,"Travere Therapeutics, Inc. - Common Stock",NASDAQ,2026-09-30
TW,Tradeweb Markets Inc. - Class A Common Stock,NASDAQ,2026-09-30
TWFG,"TWFG, Inc. - Common Stock",NASDAQ,2026-09-30
TWI,"Titan International, Inc. (DE) Common Stock",NYSE,2026-09-30
TWIN,"Twin Disc, Incorporated - Common Stock",NASDAQ,2026-09-30
TWLO,Twilio Inc. Class A Common Stock,NYSE,2026-09-30
TWST,Twist Bioscience Corporation - Common Stock,NASDAQ,2026-09-30
TX,"Ternium S.A. Ternium S.A. American Depositary Shares (each representing ten shares, USD1.00 par value)",NYSE,2026-09-30
TXG,"10x Genomics, Inc. - Common Stock",NASDAQ,2026-09-30
TXN,Texas Instruments Incorporated - Common Stock,NASDAQ,2026-09-30
TXNM,"TXNM Energy, Inc. Common Stock",NYSE,2026-09-30
TXRH,"Texas Roadhouse, Inc. - Common Stock",NASDAQ,2026-09-30
TXT,Textron Inc. Common Stock,NYSE,2026-09-30
TY,Tri Continental Corporation Common Stock,NYSE,2026-09-30
TYG,Tortoise Energy Infrastructure Corporation Common Stock,NYSE,2026-09-30
TYL,"Tyler Technologies, Inc. Common Stock",NYSE,2026-09-30
TYRA,"Tyra Biosciences, Inc. - Common Stock",NASDAQ,2026-09-30
U,Unity Software Inc. Common Stock,NYSE,2026-09-30
UA,"Under Armour, Inc. Class C Common Stock",NYSE,2026-09-30
UAA,"Under Armour, Inc. Class A Common Stock",NYSE,2026-09-30
UAL,"United Airlines Holdings, Inc. - Common Stock",NASDAQ,2026-09-30
UAMY,United States Antimony Corporation Common Stock,NYSE,2026-09-30
UBER,"Uber Technologies, Inc. Common Stock",NYSE,2026-09-30
UBS,UBS Group AG Registered Ordinary Shares,NYSE,2026-09-30
UBSI,"United Bankshares, Inc. - Common Stock",NASDAQ,2026-09-30
UCB,"United Community Banks, Inc. Common Stock",NYSE,2026-09-30
UCTT,"Ultra Clean Holdings, Inc. - Common Stock",NASDAQ,2026-09-30
UDR,"UDR, Inc. Common Stock",NYSE,2026-09-30
UE,Urban Edge Properties Common Shares of Beneficial Interest,NYSE,2026-09-30
UEC,Uranium Energy Corp. Common Stock,AMEX,2026-09-30
UFCS,"United Fire Group, Inc - Common Stock",NASDAQ,2026-09-30
UFPI,"UFP Industries, Inc. - Common Stock",NASDAQ,2026-09-30
UFPT,"UFP Technologies, Inc. - Common Stock",NASDAQ,2026-09-30
UGI,UGI Corporation Common Stock,NYSE,2026-09-30
UGP,Ultrapar Participacoes S.A. (New) American Depositary Shares (Each representing one Common Share),NYSE,2026-09-30
UHAL,U-Haul Holding Company Common Stock,NYSE,2026-09-30
UHAL-B,U-Haul Holding Company Series N Non-Voting Common Stock,NYSE,2026-09-30
UHS,"Universal Health Services, Inc. Common Stock",NYSE,2026-09-30
UHT,Universal Health Realty Income Trust Common Stock,NYSE,2026-09-30
UI,Ubiquiti Inc. Common Stock,NYSE,2026-09-30
UIS,Unisys Corporation New Common Stock,NYSE,2026-09-30
UL,Unilever PLC American Depositary Shares (each representing One Ordinary Share),NYSE,2026-09-30
ULCC,"Frontier Group Holdings, Inc. - Common Stock",NASDAQ,2026-09-30
ULS,UL Solutions Inc. Class A Common Stock,NYSE,2026-09-30
ULTA,"Ulta Beauty, Inc. - Common Stock",NASDAQ,2026-09-30
UMAC,"Unusual Machines, Inc. Common Stock",AMEX,2026-09-30
UMBF,UMB Financial Corporation - Common Stock,NASDAQ,2026-09-30
UMC,United Microelectronics Corporation (NEW) Common Stock,NYSE,2026-09-30
UMH,"UMH Properties, Inc. Common Stock",NYSE,2026-09-30
UNCY,"Unicycive Therapeutics, Inc. - Common Stock",NASDAQ,2026-09-30
UNF,Unifirst Corporation Common Stock,NYSE,2026-09-30
UNFI,"United Natural Foods, Inc. Common Stock",NYSE,2026-09-30
UNH,UnitedHealth Group Incorporated Common Stock (DE),NYSE,2026-09-30
UNIT,Uniti Group Inc. - Common Stock,NASDAQ,2026-09-30
UNM,Unum Group Common Stock,NYSE,2026-09-30
UNP,Union Pacific Corporation Common Stock,NYSE,2026-09-30
UNTY,"Unity Bancorp, Inc. - Common Stock",NASDAQ,2026-09-30
UPB,"Upstream Bio, Inc. - Common Stock",NASDAQ,2026-09-30
UPBD,"Upbound Group, Inc. - Common Stock",NASDAQ,2026-09-30
UPC,Universe Pharmaceuticals Inc - Class A Ordinary Shares,NASDAQ,2026-09-30
UPS,"United Parcel Service, Inc. Common Stock",NYSE,2026-09-30
UPST,"Upstart Holdings, Inc. - Common stock",NASDAQ,2026-09-30
UPWK,Upwork Inc. - Common Stock,NASDAQ,2026-09-30
URBN,"Urban Outfitters, Inc. - Common Stock",NASDAQ,2026-09-30
URGN,UroGen Pharma Ltd. - Ordinary Shares,NASDAQ,2026-09-30
URI,"United Rentals, Inc. Common Stock",NYSE,2026-09-30
UROY,Uranium Royalty Corp. - Common Stock,NASDAQ,2026-09-30
USAR,"USA Rare Earth, Inc. - Common Stock",NASDAQ,2026-09-30
USAS,"Americas Gold and Silver Corporation Common Shares, no par value",AMEX,2026-09-30
USAU,U.S. Gold Corp. - Common Stock,NASDAQ,2026-09-30
USB,U.S. Bancorp Common Stock,NYSE,2026-09-30
USCB,"USCB Financial Holdings, Inc.  - Class A Common Stock",NASDAQ,2026-09-30
USDE,StablecoinX Inc. - Class A Common Stock,NASDAQ,2026-09-30
USFD,US Foods Holding Corp. Common Stock,NYSE,2026-09-30
USLM,"United States Lime & Minerals, Inc. - Common Stock",NASDAQ,2026-09-30
USNA,"USANA Health Sciences, Inc. Common Stock",NYSE,2026-09-30
USPH,"U.S. Physical Therapy, Inc. Common Stock",NYSE,2026-09-30
UTHR,United Therapeutics Corporation - Common Stock,NASDAQ,2026-09-30
UTI,Universal Technical Institute Inc Common Stock,NYSE,2026-09-30
UTL,UNITIL Corporation Common Stock,NYSE,2026-09-30
UTMD,"Utah Medical Products, Inc. - Common Stock",NASDAQ,2026-09-30
UTZ,Utz Brands Inc Class A Common Stock,NYSE,2026-09-30
UUUU,Energy Fuels Inc Ordinary Shares (Canada),AMEX,2026-09-30
UVE,UNIVERSAL INSURANCE HOLDINGS INC Common Stock,NYSE,2026-09-30
UVSP,Univest Financial Corporation - Common Stock,NASDAQ,2026-09-30
UVV,Universal Corporation Common Stock,NYSE,2026-09-30
V,Visa Inc.,NYSE,2026-09-30
VAC,Marriott Vacations Worldwide Corporation Common Stock,NYSE,2026-09-30
VAL,Valaris Limited Common Shares,NYSE,2026-09-30
VALE,VALE S.A.  American Depositary Shares Each Representing one common share,NYSE,2026-09-30
VBIO,"Valion Bio, Inc. - Common stock",NASDAQ,2026-09-30
VBNK,VersaBank - Common Shares,NASDAQ,2026-09-30
VC,Visteon Corporation - Common Stock,NASDAQ,2026-09-30
VCEL,Vericel Corporation - Common Stock,NASDAQ,2026-09-30
VCTR,"Victory Capital Holdings, Inc. - Common Stock",NASDAQ,2026-09-30
VCV,Invesco California Value Municipal Income Trust Common Stock,NYSE,2026-09-30
VCYT,"Veracyte, Inc. - Common Stock",NASDAQ,2026-09-30
VECO,Veeco Instruments Inc. - Common Stock,NASDAQ,2026-09-30
VEEA,Veea Inc. - Common Stock,NASDAQ,2026-09-30
VEEE,Twin Vee PowerCats Co. - Common Stock,NASDAQ,2026-09-30
VEEV,Veeva Systems Inc. Class A Common Stock,NYSE,2026-09-30
VEL,"Velocity Financial, Inc. Common Stock",NYSE,2026-09-30
VELO,"Velo3D, Inc. - Common stock",NASDAQ,2026-09-30
VEON,VEON Ltd. - American Depositary Shares,NASDAQ,2026-09-30
VERA,"Vera Therapeutics, Inc. - Class A Common Stock",NASDAQ,2026-09-30
VERX,"Vertex, Inc. - Class A Common Stock",NASDAQ,2026-09-30
VET,Vermilion Energy Inc. Common (Canada),NYSE,2026-09-30
VFC,V.F. Corporation Common Stock,NYSE,2026-09-30
VFF,"Village Farms International, Inc. - Common Shares",NASDAQ,2026-09-30
VFS,VinFast Auto Ltd. - Ordinary Shares,NASDAQ,2026-09-30
VG,"Venture Global, Inc. Class A common stock",NYSE,2026-09-30
VGM,Invesco Trust for Investment Grade Municipals Common Stock (DE),NYSE,2026-09-30
VGNT,Versigent PLC Ordinary Shares,NYSE,2026-09-30
VGZ,Vista Gold Corp Common Stock,AMEX,2026-09-30
VHC,VirnetX Holding Corp - Common Stock,NASDAQ,2026-09-30
VIA,"Via Transportation, Inc. Class A Common Stock",NYSE,2026-09-30
VIAV,Viavi Solutions Inc. - Common Stock,NASDAQ,2026-09-30
VICI,VICI Properties Inc. Common Stock,NYSE,2026-09-30
VICR,Vicor Corporation - Common Stock,NASDAQ,2026-09-30
VIK,Viking Holdings Ltd Ordinary Shares,NYSE,2026-09-30
VIPS,"Vipshop Holdings Limited American Depositary Shares, each representing two ordinary shares",NYSE,2026-09-30
VIR,"Vir Biotechnology, Inc. - Common Stock",NASDAQ,2026-09-30
VIRT,"Virtu Financial, Inc. Class A Common Stock",NYSE,2026-09-30
VISN,"Vistance Networks, Inc.  - Common Stock",NASDAQ,2026-09-30
VIST,"Vista Energy S.A.B. de C.V. American Depositary Shares, each representing one series A share, with no par value",NYSE,2026-09-30
VITL,"Vital Farms, Inc. - Common Stock",NASDAQ,2026-09-30
VIV,Telefonica Brasil S.A. American Depositary Shares (Each representing One Common Share),NYSE,2026-09-30
VIVO,VivoPower PLC - Class A Ordinary Shares,NASDAQ,2026-09-30
VKI,Invesco Advantage Municipal Income Trust II Common Shares of Beneficial Interest (DE),AMEX,2026-09-30
VKQ,Invesco Municipal Trust Common Stock,NYSE,2026-09-30
VKTX,"Viking Therapeutics, Inc. - Common Stock",NASDAQ,2026-09-30
VLGEA,"Village Super Market, Inc. - Class A Common Stock",NASDAQ,2026-09-30
VLO,Valero Energy Corporation Common Stock,NYSE,2026-09-30
VLRS,"Controladora Vuela Compania de Aviacion, S.A.B. de C.V. American Depositary Shares, each representing ten (10) Ordinary Participation Certificates",NYSE,2026-09-30
VLTO,Veralto Corp Common Stock,NYSE,2026-09-30
VLY,Valley National Bancorp - Common Stock,NASDAQ,2026-09-30
VMC,Vulcan Materials Company (Holding Company) Common Stock,NYSE,2026-09-30
VMD,"Viemed Healthcare, Inc. - Common Shares",NASDAQ,2026-09-30
VMET,Versamet Royalties Corporation - Common Stock,NASDAQ,2026-09-30
VMI,"Valmont Industries, Inc. Common Stock",NYSE,2026-09-30
VMO,Invesco Municipal Opportunity Trust Common Stock,NYSE,2026-09-30
VMRK,Vivmark Residential Common Shares of Beneficial Interest,NYSE,2026-09-30
VNCE,Vince Holding Corp. - Common Stock,NASDAQ,2026-09-30
VNDA,Vanda Pharmaceuticals Inc. - Common Stock,NASDAQ,2026-09-30
VNET,"VNET Group, Inc. - American Depositary Shares",NASDAQ,2026-09-30
VNO,Vornado Realty Trust Common Stock,NYSE,2026-09-30
VNOM,"Viper Energy, Inc.  - Class A Common Stock",NASDAQ,2026-09-30
VNT,Vontier Corporation Common Stock,NYSE,2026-09-30
VOD,Vodafone Group Plc - American Depositary Shares each representing ten Ordinary Shares,NASDAQ,2026-09-30
VOGX,Vogenx Inc - Common Stock,NASDAQ,2026-09-30
VOR,Vor Biopharma Inc. - Common Stock,NASDAQ,2026-09-30
VOXR,Vox Royalty Corp. - common stock,NASDAQ,2026-09-30
VOYA,"Voya Financial, Inc. Common Stock",NYSE,2026-09-30
VOYG,"Voyager Technologies, Inc. Class A Common Stock",NYSE,2026-09-30
VPG,"Vishay Precision Group, Inc. Common Stock",NYSE,2026-09-30
VRA,"Vera Bradley, Inc. - Common Stock",NASDAQ,2026-09-30
VRDN,"Viridian Therapeutics, Inc.  - Common Stock",NASDAQ,2026-09-30
VREX,Varex Imaging Corporation - Common Stock,NASDAQ,2026-09-30
VRME,"VerifyMe, Inc. - Common Stock",NASDAQ,2026-09-30
VRNS,"Varonis Systems, Inc. - Common Stock",NASDAQ,2026-09-30
VRRM,Verra Mobility Corporation - Class A Common Stock,NASDAQ,2026-09-30
VRSK,"Verisk Analytics, Inc. - Common Stock",NASDAQ,2026-09-30
VRSN,"VeriSign, Inc. - Common Stock",NASDAQ,2026-09-30
VRT,"Vertiv Holdings, LLC Class A Common Stock",NYSE,2026-09-30
VRTS,"Virtus Investment Partners, Inc. Common Stock",NYSE,2026-09-30
VRTX,Vertex Pharmaceuticals Incorporated - Common Stock,NASDAQ,2026-09-30
VSA,VisionSys AI Inc. - American Depositary Shares,NASDAQ,2026-09-30
VSAT,"ViaSat, Inc. - Common Stock",NASDAQ,2026-09-30
VSEC,VSE Corporation - Common Stock,NASDAQ,2026-09-30
VSH,"Vishay Intertechnology, Inc. Common Stock",NYSE,2026-09-30
VSNT,"Versant Media Group, Inc. - Class A Common Stock",NASDAQ,2026-09-30
VST,Vistra Corp. Common Stock,NYSE,2026-09-30
VSTM,"Verastem, Inc. - Common Stock",NASDAQ,2026-09-30
VSTS,Vestis Corporation Common Stock,NYSE,2026-09-30
VSXY,Victorias Secret & Co. Common Stock,NYSE,2026-09-30
VTEX,VTEX Class A Common Shares,NYSE,2026-09-30
VTMX,"Corporacion Inmobiliaria Vesta, S.A.B de C.V. American Depositary Shares, each representing ten (10) Common Shares",NYSE,2026-09-30
VTOL,"Bristow Group, Inc. Common Stock",NYSE,2026-09-30
VTR,"Ventas, Inc. Common Stock",NYSE,2026-09-30
VTRS,Viatris Inc. - Common Stock,NASDAQ,2026-09-30
VTS,"Vitesse Energy, Inc. Common Stock",NYSE,2026-09-30
VTVT,vTv Therapeutics Inc. - Class A Common Stock,NASDAQ,2026-09-30
VUZI,Vuzix Corporation  - Common Stock,NASDAQ,2026-09-30
VVR,Invesco Senior Income Trust Common Stock (DE),NYSE,2026-09-30
VVV,Valvoline Inc. Common Stock,NYSE,2026-09-30
VVX,"V2X, Inc. Common Stock",NYSE,2026-09-30
VWAV,"VisionWave Holdings, Inc. - Common Stock",NASDAQ,2026-09-30
VXX,iPath Series B S&P 500 VIX Short-Term Futures ETN,BATS,2026-09-30
VYGR,"Voyager Therapeutics, Inc. - Common Stock",NASDAQ,2026-09-30
VYX,NCR Voyix Corporation Common Stock,NYSE,2026-09-30
VZ,Verizon Communications Inc. Common Stock,NYSE,2026-09-30
VZLA,Vizsla Silver Corp. Common Shares,AMEX,2026-09-30
W,Wayfair Inc. Class A Common Stock,NYSE,2026-09-30
WAB,Westinghouse Air Brake Technologies Corporation Common Stock,NYSE,2026-09-30
WABC,Westamerica Bancorporation - Common Stock,NASDAQ,2026-09-30
WAFD,"WaFd, Inc. - Common Stock",NASDAQ,2026-09-30
WAL,Western Alliance Bancorporation Common Stock (DE),NYSE,2026-09-30
WASH,"Washington Trust Bancorp, Inc. - Common Stock",NASDAQ,2026-09-30
WAT,Waters Corporation Common Stock,NYSE,2026-09-30
WATT,Energous Corporation - Common Stock,NASDAQ,2026-09-30
WAY,Waystar Holding Corp. - Common Stock,NASDAQ,2026-09-30
WB,Weibo Corporation - American Depositary Shares,NASDAQ,2026-09-30
WBD,"Warner Bros. Discovery, Inc. - Series A Common Stock",NASDAQ,2026-09-30
WBI,WaterBridge Infrastructure LLC Class A Shares Representing Limited Liability Company Interests,NYSE,2026-09-30
WBTN,WEBTOON Entertainment Inc. - Common stock,NASDAQ,2026-09-30
WCC,"WESCO International, Inc. Common Stock",NYSE,2026-09-30
WCN,"Waste Connections, Inc. Common Shares",NYSE,2026-09-30
WCT,Wellchange Holdings Company Limited - Class A Ordinary shares,NASDAQ,2026-09-30
WD,"Walker & Dunlop, Inc Common Stock",NYSE,2026-09-30
WDAY,"Workday, Inc. - Class A Common Stock",NASDAQ,2026-09-30
WDC,Western Digital Corporation - Common Stock,NASDAQ,2026-09-30
WDFC,WD-40 Company - Common Stock,NASDAQ,2026-09-30
WDS,"Woodside Energy Group Limited American Depositary Shares, each representing one Ordinary Share",NYSE,2026-09-30
WEAV,"Weave Communications, Inc. Common Stock",NYSE,2026-09-30
WEC,"WEC Energy Group, Inc. Common Stock",NYSE,2026-09-30
WELL,Welltower Inc. Common Stock,NYSE,2026-09-30
WEN,Wendy's Company (The) - Common Stock,NASDAQ,2026-09-30
WERN,"Werner Enterprises, Inc. - Common Stock",NASDAQ,2026-09-30
WEST,Westrock Coffee Company - Common Stock,NASDAQ,2026-09-30
WEX,WEX Inc. common stock,NYSE,2026-09-30
WEYS,"Weyco Group, Inc. - Common Stock",NASDAQ,2026-09-30
WF,Woori Financial Group Inc. American Depositary Shares (each representing three (3) shares of Common Stock),NYSE,2026-09-30
WFC,Wells Fargo & Company Common Stock,NYSE,2026-09-30
WFG,West Fraser Timber Co. Ltd Common stock,NYSE,2026-09-30
WFRD,Weatherford International plc - Ordinary shares,NASDAQ,2026-09-30
WGO,"Winnebago Industries, Inc. Common Stock",NYSE,2026-09-30
WGS,GeneDx Holdings Corp. - Class A Common Stock,NASDAQ,2026-09-30
WH,"Wyndham Hotels & Resorts, Inc. Common Stock",NYSE,2026-09-30
WHD,"Cactus, Inc. Class A Common Stock",NYSE,2026-09-30
WHK,WhiteHawk Minerals Corp Class A Common Stock,NYSE,2026-09-30
WHLR,"Wheeler Real Estate Investment Trust, Inc. - Common Stock",NASDAQ,2026-09-30
WHR,Whirlpool Corporation Common Stock,NYSE,2026-09-30
WHWK,"Whitehawk Therapeutics, Inc. - Common Stock",NASDAQ,2026-09-30
WINA,Winmark Corporation - Common Stock,NASDAQ,2026-09-30
WING,Wingstop Inc. - Common Stock,NASDAQ,2026-09-30
WIX,Wix.com Ltd. - Ordinary Shares,NASDAQ,2026-09-30
WK,Workiva Inc. Class A Common Stock,NYSE,2026-09-30
WKC,World Kinect Corporation Common Stock,NYSE,2026-09-30
WLDN,"Willdan Group, Inc. - Common Stock",NASDAQ,2026-09-30
WLFC,Willis Lease Finance Corporation - Common Stock,NASDAQ,2026-09-30
WLK,Westlake Corporation Common Stock,NYSE,2026-09-30
WLTH,Wealthfront Corporation - Common Stock,NASDAQ,2026-09-30
WLY,"John Wiley & Sons, Inc. Common Stock",NYSE,2026-09-30
WM,"Waste Management, Inc. Common Stock",NYSE,2026-09-30
WMB,"Williams Companies, Inc. (The) Common Stock",NYSE,2026-09-30
WMG,Warner Music Group Corp. - Class A Common Stock,NASDAQ,2026-09-30
WMK,"Weis Markets, Inc. Common Stock",NYSE,2026-09-30
WMS,"Advanced Drainage Systems, Inc. Common Stock",NYSE,2026-09-30
WMT,Walmart Inc. - Common Stock,NASDAQ,2026-09-30
WNC,Wabash National Corporation Common Stock,NYSE,2026-09-30
WOLF,"Wolfspeed, Inc. Common Stock New",NYSE,2026-09-30
WOOF,"Petco Health and Wellness Company, Inc. - Class A Common Stock",NASDAQ,2026-09-30
WOR,"Worthington Enterprises, Inc. Common Shares",NYSE,2026-09-30
WPC,W. P. Carey Inc. REIT,NYSE,2026-09-30
WPM,Wheaton Precious Metals Corp Common Shares (Canada),NYSE,2026-09-30
WPP,WPP plc American Depositary Shares,NYSE,2026-09-30
WRB,W.R. Berkley Corporation Common Stock,NYSE,2026-09-30
WRBY,Warby Parker Inc. Class A Common Stock,NYSE,2026-09-30
WRD,WeRide Inc. - American Depositary Shares,NASDAQ,2026-09-30
WRLD,World Acceptance Corporation - Common Stock,NASDAQ,2026-09-30
WRN,Western Copper and Gold Corporation Common Stock,AMEX,2026-09-30
WS,"Worthington Steel, Inc. Common Shares",NYSE,2026-09-30
WSBC,"WesBanco, Inc. - Common Stock",NASDAQ,2026-09-30
WSBF,"Waterstone Financial, Inc. - Common Stock",NASDAQ,2026-09-30
WSC,WillScot Holdings Corporation - Class A Common Stock,NASDAQ,2026-09-30
WSE,Wise Group plc - Class A Ordinary Shares,NASDAQ,2026-09-30
WSFS,WSFS Financial Corporation - Common Stock,NASDAQ,2026-09-30
WSM,"Williams-Sonoma, Inc. Common Stock (DE)",NYSE,2026-09-30
WSO,"Watsco, Inc. Common Stock",NYSE,2026-09-30
WST,"West Pharmaceutical Services, Inc. Common Stock",NYSE,2026-09-30
WT,"WisdomTree, Inc. Common Stock",NYSE,2026-09-30
WTBA,West Bancorporation - Common Stock,NASDAQ,2026-09-30
WTFC,Wintrust Financial Corporation - Common Stock,NASDAQ,2026-09-30
WTI,"W&T Offshore, Inc. Common Stock",NYSE,2026-09-30
WTM,"White Mountains Insurance Group, Ltd. Common Stock",NYSE,2026-09-30
WTRG,"Essential Utilities, Inc. Common Stock",NYSE,2026-09-30
WTS,"Watts Water Technologies, Inc. Class A Common Stock",NYSE,2026-09-30
WTTR,"Select Water Solutions, Inc. Class A common stock",NYSE,2026-09-30
WTW,Willis Towers Watson Public Limited Company - Ordinary Shares,NASDAQ,2026-09-30
WU,Western Union Company (The) Common Stock,NYSE,2026-09-30
WULF,TeraWulf Inc. - Common Stock,NASDAQ,2026-09-30
WVE,"Wave Life Sciences, Inc. - Common Stock",NASDAQ,2026-09-30
WW,"WW International, Inc.  - Common Stock",NASDAQ,2026-09-30
WWD,"Woodward, Inc. - Common Stock",NASDAQ,2026-09-30
WWW,"Wolverine World Wide, Inc. Common Stock",NYSE,2026-09-30
WY,Weyerhaeuser Company Common Stock,NYSE,2026-09-30
WYFI,"WhiteFiber, Inc. - Ordinary Shares",NASDAQ,2026-09-30
WYHG,Wing Yip Food Holdings Group Limited - American Depositary Shares,NASDAQ,2026-09-30
WYNN,"Wynn Resorts, Limited - Common Stock",NASDAQ,2026-09-30
WYY,WidePoint Corporation Common Stock,AMEX,2026-09-30
XE,"X-Energy, Inc. - Class A Common Stock",NASDAQ,2026-09-30
XEL,Xcel Energy Inc. - Common Stock,NASDAQ,2026-09-30
XENE,Xenon Pharmaceuticals Inc. - Common Shares,NASDAQ,2026-09-30
XERS,"Xeris Biopharma Holdings, Inc. - Common Stock",NASDAQ,2026-09-30
XFLT,XAI Floating Rate & Alternative Income Trust Common Shares of Beneficial Interest,NYSE,2026-09-30
XFOR,"X4 Pharmaceuticals, Inc. - Common Stock",NASDAQ,2026-09-30
XGN,Exagen Inc. - Common Stock,NASDAQ,2026-09-30
XHR,"Xenia Hotels & Resorts, Inc. Common Stock",NYSE,2026-09-30
XMAX,"XMAX, Inc. - Common Stock",NASDAQ,2026-09-30
XMTR,"Xometry, Inc. - Class A Common Stock",NASDAQ,2026-09-30
XNCR,"Xencor, Inc. - Common Stock",NASDAQ,2026-09-30
XNDU,Xanadu Quantum Technologies Limited - Class B Subordinate Voting Shares,NASDAQ,2026-09-30
XOM,ExxonMobil Holdings Corporation Common Stock,NYSE,2026-09-30
XP,XP Inc. - Class A Common Stock,NASDAQ,2026-09-30
XPEL,"XPEL, Inc. - Common Stock",NASDAQ,2026-09-30
XPER,Xperi Inc. Common Stock,NYSE,2026-09-30
XPEV,"XPeng Inc. American depositary shares, each representing two Class A ordinary shares",NYSE,2026-09-30
XPO,"XPO, Inc. Common Stock",NYSE,2026-09-30
XPOF,"Xponential Fitness, Inc. Class A Common Stock",NYSE,2026-09-30
XPRO,Expro Ltd Ordinary Shares,NYSE,2026-09-30
XRAY,DENTSPLY SIRONA Inc. - Common Stock,NASDAQ,2026-09-30
XRN,Chiron Real Estate Inc. Common Stock,NYSE,2026-09-30
XRX,Xerox Holdings Corporation - Common Stock,NASDAQ,2026-09-30
XTND,"Xtend AI Robotics, Inc. Common Stock",NYSE,2026-09-30
XXI,"Twenty One Capital, Inc. Class A Common Stock",NYSE,2026-09-30
XYL,Xylem Inc. Common Stock New,NYSE,2026-09-30
XYZ,"Block, Inc. Class A Common Stock,",NYSE,2026-09-30
XZO,"Exzeo Group, Inc. Common Stock",NYSE,2026-09-30
YALA,"Yalla Group Limited American Depositary Shares, each representing one Class A Ordinary Share",NYSE,2026-09-30
YARW,"Yarrow Bioscience, Inc. - Common Stock",NASDAQ,2026-09-30
YDES,YD Bio Limited - Ordinary Shares,NASDAQ,2026-09-30
YELP,Yelp Inc. Common Stock,NYSE,2026-09-30
YETI,"YETI Holdings, Inc. Common Stock",NYSE,2026-09-30
YEXT,"Yext, Inc. Common Stock",NYSE,2026-09-30
YICC,Yorkville International Capital Corp. - Class A Ordinary Shares,NASDAQ,2026-09-30
YMM,Full Truck Alliance Co. Ltd. American Depositary Shares (each representing 20 Class A Ordinary Shares),NYSE,2026-09-30
YORW,The York Water Company - Common Stock,NASDAQ,2026-09-30
YOU,"Clear Secure, Inc. Class A Common Stock",NYSE,2026-09-30
YPF,YPF Sociedad Anonima American Depositary Shares,NYSE,2026-09-30
YSS,York Space Systems Inc. Common Stock,NYSE,2026-09-30
YSWY,"Yesway, Inc. - Class A Common Stock",NASDAQ,2026-09-30
YUM,"Yum! Brands, Inc.",NYSE,2026-09-30
YUMC,"Yum China Holdings, Inc. Common Stock",NYSE,2026-09-30
Z,"Zillow Group, Inc. - Class C Capital Stock",NASDAQ,2026-09-30
ZBH,"Zimmer Biomet Holdings, Inc. Common Stock",NYSE,2026-09-30
ZBIO,"Zenas BioPharma, Inc. - Common Stock",NASDAQ,2026-09-30
ZBRA,Zebra Technologies Corporation - Class A Common Stock,NASDAQ,2026-09-30
ZD,"Ziff Davis, Inc. - Common Stock",NASDAQ,2026-09-30
ZETA,Zeta Global Holdings Corp. Class A Common Stock,NYSE,2026-09-30
ZG,"Zillow Group, Inc. - Class A Common Stock",NASDAQ,2026-09-30
ZGN,Ermenegildo Zegna N.V. Ordinary Shares,NYSE,2026-09-30
ZH,"Zhihu Inc. American Depositary Shares, each representing three (3) Class A Ordinary Shares",NYSE,2026-09-30
ZIM,ZIM Integrated Shipping Services Ltd. Ordinary Shares,NYSE,2026-09-30
ZION,Zions Bancorporation N.A. - Common Stock,NASDAQ,2026-09-30
ZIP,"ZipRecruiter, Inc. Class A Common Stock",NYSE,2026-09-30
ZLAB,Zai Lab Limited - American Depositary Shares,NASDAQ,2026-09-30
ZM,"Zoom Communications, Inc. - Class A Common Stock",NASDAQ,2026-09-30
ZNTL,"Zentalis Pharmaceuticals, Inc. - common stock",NASDAQ,2026-09-30
ZS,"Zscaler, Inc. - Common Stock",NASDAQ,2026-09-30
ZSQR,Z Squared Inc. - Common Stock,NASDAQ,2026-09-30
ZTO,"ZTO Express (Cayman) Inc. American Depositary Shares, each representing one Class A ordinary share.",NYSE,2026-09-30
ZTS,Zoetis Inc. Class A Common Stock,NYSE,2026-09-30
ZUMZ,Zumiez Inc. - Common Stock,NASDAQ,2026-09-30
ZURA,Zura Bio Limited - Class A Ordinary shares,NASDAQ,2026-09-30
ZVRA,"Zevra Therapeutics, Inc.  - Common Stock",NASDAQ,2026-09-30
ZWS,Zurn Elkay Water Solutions Corporation Common Stock,NYSE,2026-09-30
ZYME,Zymeworks Inc. - Common Stock,NASDAQ,2026-09-30
